#
# There is insufficient memory for the Java Runtime Environment to continue.
# Native memory allocation (malloc) failed to allocate 1858224 bytes for Chunk::new
# Possible reasons:
#   The system is out of physical RAM or swap space
#   The process is running with CompressedOops enabled, and the Java Heap may be blocking the growth of the native heap
# Possible solutions:
#   Reduce memory load on the system
#   Increase physical memory or swap space
#   Check if swap backing store is full
#   Decrease Java heap size (-Xmx/-Xms)
#   Decrease number of Java threads
#   Decrease Java thread stack sizes (-Xss)
#   Set larger code cache with -XX:ReservedCodeCacheSize=
#   JVM is running with Zero Based Compressed Oops mode in which the Java heap is
#     placed in the first 32GB address space. The Java Heap base address is the
#     maximum limit for the native heap growth. Please use -XX:HeapBaseMinAddress
#     to set the Java Heap base and to place the Java Heap above 32GB virtual address.
# This output file may be truncated or incomplete.
#
#  Out of Memory Error (arena.cpp:189), pid=37900, tid=55352
#
# JRE version: Java(TM) SE Runtime Environment (17.0+35) (build 17+35-LTS-2724)
# Java VM: Java HotSpot(TM) 64-Bit Server VM (17+35-LTS-2724, mixed mode, sharing, tiered, compressed oops, compressed class ptrs, g1 gc, windows-amd64)
# No core dump will be written. Minidumps are not enabled by default on client versions of Windows
#

---------------  S U M M A R Y ------------

Command Line: --add-opens=java.base/java.lang=ALL-UNNAMED --add-opens=java.base/java.lang.invoke=ALL-UNNAMED --add-opens=java.base/java.util=ALL-UNNAMED --add-opens=java.prefs/java.util.prefs=ALL-UNNAMED --add-exports=jdk.compiler/com.sun.tools.javac.api=ALL-UNNAMED --add-exports=jdk.compiler/com.sun.tools.javac.util=ALL-UNNAMED --add-opens=java.base/java.util=ALL-UNNAMED --add-opens=java.prefs/java.util.prefs=ALL-UNNAMED --add-opens=java.base/java.nio.charset=ALL-UNNAMED --add-opens=java.base/java.net=ALL-UNNAMED --add-opens=java.base/java.util.concurrent=ALL-UNNAMED --add-opens=java.base/java.util.concurrent.atomic=ALL-UNNAMED --add-opens=java.xml/javax.xml.namespace=ALL-UNNAMED --add-opens=java.base/java.time=ALL-UNNAMED -XX:MaxMetaspaceSize=4G -XX:ReservedCodeCacheSize=512m -XX:+HeapDumpOnOutOfMemoryError -Xmx8G -Dfile.encoding=windows-1252 -Duser.country=GB -Duser.language=en -Duser.variant -javaagent:C:\Users\Agrilift\.gradle\wrapper\dists\gradle-9.3.1-all\9ot9r568e8zfvvd4mn8rbu1j0\gradle-9.3.1\lib\agents\gradle-instrumentation-agent-9.3.1.jar org.gradle.launcher.daemon.bootstrap.GradleDaemon 9.3.1

Host: 13th Gen Intel(R) Core(TM) i5-1335U, 12 cores, 39G,  Windows 10 , 64 bit Build 26100 (10.0.26100.9168)
Time: Thu Sep 17 22:33:31 2026 Pakistan Standard Time elapsed time: 4201.538032 seconds (0d 1h 10m 1s)

---------------  T H R E A D  ---------------

Current thread (0x00000118bd2ada20):  JavaThread "C2 CompilerThread0" daemon [_thread_in_native, id=55352, stack(0x0000001223e00000,0x0000001223f00000)]


Current CompileTask:
C2:4201538 94300       4       org.jetbrains.kotlin.fir.resolve.calls.tower.FirTowerResolveTask::runResolverForExpressionReceiver (2386 bytes)

Stack: [0x0000001223e00000,0x0000001223f00000]
Native frames: (J=compiled Java code, j=interpreted, Vv=VM code, C=native code)
V  [jvm.dll+0x66f8ea]
V  [jvm.dll+0x7ce224]
V  [jvm.dll+0x7cf9ce]
V  [jvm.dll+0x7d0033]
V  [jvm.dll+0x242bb5]
V  [jvm.dll+0xaa05b]
V  [jvm.dll+0xaa5ec]
V  [jvm.dll+0x35f9f7]
V  [jvm.dll+0x329f61]
V  [jvm.dll+0x32940a]
V  [jvm.dll+0x215ca1]
V  [jvm.dll+0x2150c1]
V  [jvm.dll+0x1a168d]
V  [jvm.dll+0x2248f8]
V  [jvm.dll+0x222a5c]
V  [jvm.dll+0x78422b]
V  [jvm.dll+0x77e7ea]
V  [jvm.dll+0x66e715]
C  [ucrtbase.dll+0x2cd30]
C  [KERNEL32.DLL+0x2ccb7]
C  [ntdll.dll+0xaad6c]


---------------  P R O C E S S  ---------------

Threads class SMR info:
_java_thread_list=0x00000118db6f6fa0, length=248, elements={
0x00000118ffa52de0, 0x00000118bd286be0, 0x00000118bd2886c0, 0x00000118bd2a2ec0,
0x00000118bd2a3390, 0x00000118bd2a4870, 0x00000118bd2ab160, 0x00000118bd2ada20,
0x00000118bd2afff0, 0x00000118bd2b2510, 0x00000118bd88a590, 0x00000118bd94a070,
0x00000118bfef8a10, 0x00000118bf2e8510, 0x00000118c006b0a0, 0x00000118c0019890,
0x00000118c001a700, 0x00000118c0017bb0, 0x00000118c1d46550, 0x00000118c1d43a00,
0x00000118c1d43ed0, 0x00000118cec29990, 0x00000118c3a03410, 0x00000118c3a038e0,
0x00000118cec57f70, 0x00000118cec5a120, 0x00000118cec58440, 0x00000118cec592b0,
0x00000118bf7ebef0, 0x00000118bf7ed230, 0x00000118cec4d230, 0x00000118d542ef10,
0x00000118d542d700, 0x00000118d5430720, 0x00000118d5431590, 0x00000118d542dbd0,
0x00000118d0684e60, 0x00000118d0684990, 0x00000118cd7086e0, 0x00000118cf3babc0,
0x00000118d9ba9940, 0x00000118d9ba9e10, 0x00000118d2830e50, 0x00000118d282e7d0,
0x00000118cd707870, 0x00000118d7e29a20, 0x00000118d28304b0, 0x00000118da422490,
0x00000118cd6a5810, 0x00000118e639b3e0, 0x00000118e4da6990, 0x00000118dc2ddab0,
0x00000118f1ed34f0, 0x00000118cfe03870, 0x00000118d79ce360, 0x00000118d7e27d40,
0x00000118cfe04bb0, 0x00000118e44bedc0, 0x00000118c0472550, 0x00000118e44bd5b0,
0x00000118e44bc270, 0x00000118f1667900, 0x00000118f1665c20, 0x00000118d556cf40,
0x00000118d556f0f0, 0x00000118c3b010c0, 0x00000118c3b01f30, 0x00000118c3afe570,
0x00000118f1667430, 0x00000118f1667dd0, 0x00000118f16660f0, 0x00000118f1668c40,
0x00000118f1665750, 0x00000118f16665c0, 0x00000118cfa60580, 0x00000118f1bf1870,
0x00000118d2830980, 0x00000118d556d410, 0x00000118d556c5a0, 0x00000118d556ddb0,
0x00000118cd6a61b0, 0x00000118cd6a8d00, 0x00000118cd6a74f0, 0x00000118cd6a8360,
0x00000118d9d25c80, 0x00000118ea392120, 0x00000118ea393930, 0x00000118ea392f90,
0x00000118dbcd7570, 0x00000118dbcd7a40, 0x00000118dbcd5890, 0x00000118dbcd5d60,
0x00000118dbcd6700, 0x00000118dbcd7f10, 0x00000118dbcd4a20, 0x00000118dbcd6bd0,
0x00000118dbcd70a0, 0x00000118dbcd4ef0, 0x00000118cd1feed0, 0x00000118cd1ff3a0,
0x00000118f1bf13a0, 0x00000118cd1fe530, 0x00000118cd1ff870, 0x00000118cd1fea00,
0x00000118cd200210, 0x00000118cd1ffd40, 0x00000118cd2006e0, 0x00000118cd200bb0,
0x00000118cd201080, 0x00000118cd201550, 0x00000118cd201a20, 0x00000118cd1fe060,
0x00000118f1bf3a20, 0x00000118c3b02400, 0x00000118c3b028d0, 0x00000118c3b02da0,
0x00000118c3b03270, 0x00000118f1bf0ed0, 0x00000118f1bf1d40, 0x00000118f1bf0530,
0x00000118f1bf3080, 0x00000118f1bf0a00, 0x00000118f1bf2210, 0x00000118f1bf26e0,
0x00000118d282f640, 0x00000118d282ffe0, 0x00000118d282d960, 0x00000118d282de30,
0x00000118cf3ba220, 0x00000118cf3bba30, 0x00000118cf3b8540, 0x00000118cf3b9880,
0x00000118cf3b8ee0, 0x00000118cf3bb090, 0x00000118cf3b8a10, 0x00000118cf3ba6f0,
0x00000118cf3b8070, 0x00000118cf3b9d50, 0x00000118f1bf2bb0, 0x00000118ce9fa6e0,
0x00000118ce9fabb0, 0x00000118ce9fb550, 0x00000118ce9fb080, 0x00000118ce9f8060,
0x00000118d7d1a860, 0x00000118d7d19ec0, 0x00000118d7d1b200, 0x00000118d7d1ad30,
0x00000118d7d1ca10, 0x00000118d8082130, 0x00000118ccfb0bb0, 0x00000118cd706530,
0x00000118cd706ed0, 0x00000118cd707d40, 0x00000118ea31dee0, 0x00000118ea31d540,
0x00000118ea31e3b0, 0x00000118ea31f220, 0x00000118ea31c6d0, 0x00000118ea31b860,
0x00000118ea31bd30, 0x00000118ea390910, 0x00000118ea392ac0, 0x00000118ea31c200,
0x00000118ea31cba0, 0x00000118ea31d070, 0x00000118d7e28bb0, 0x00000118ea391c50,
0x00000118ea38ff70, 0x00000118ea390440, 0x00000118ea390de0, 0x00000118ea393460,
0x00000118ea3912b0, 0x00000118ea391780, 0x00000118ea3925f0, 0x00000118d556d8e0,
0x00000118d556e280, 0x00000118d556bc00, 0x00000118dbccda80, 0x00000118dbcd1440,
0x00000118d7e26a00, 0x00000118d7e29080, 0x00000118d7e286e0, 0x00000118e7f00de0,
0x00000118e7f00440, 0x00000118e7f00910, 0x00000118ce9f8a00, 0x00000118e90c4300,
0x00000118e90c47d0, 0x00000118e90c2620, 0x00000118e90c3960, 0x00000118e90c2150,
0x00000118e90c2af0, 0x00000118e90c4ca0, 0x00000118e90c5640, 0x00000118e90c3e30,
0x00000118e4faea00, 0x00000118e90c5170, 0x00000118e90c5b10, 0x00000118e90c2fc0,
0x00000118e90c3490, 0x00000118ccfb1080, 0x00000118ccfae530, 0x00000118ccfb1550,
0x00000118ccfaf870, 0x00000118ccfafd40, 0x00000118ccfb0210, 0x00000118ccfb1a20,
0x00000118be9d00d0, 0x00000118be9cf730, 0x00000118e5b189d0, 0x00000118e5b15e80,
0x00000118ccfae060, 0x00000118ccfaea00, 0x00000118ccfaeed0, 0x00000118d9ba7c60,
0x00000118dbcce8f0, 0x00000118e5b19840, 0x00000118c3affd80, 0x00000118da4fa770,
0x00000118f1bf0060, 0x00000118cecad0c0, 0x00000118c3afef10, 0x00000118cecad590,
0x00000118da4f9430, 0x00000118da4f9900, 0x00000118da4f9dd0, 0x00000118da4fbab0,
0x00000118da4f8f60, 0x00000118da4fa2a0, 0x00000118da4fbf80, 0x00000118da4fb110,
0x00000118da41efa0, 0x00000118e6dfd390, 0x00000118e4fafd40, 0x00000118cf3b93b0,
0x00000118d9ba8ad0, 0x00000118f1bf3550, 0x00000118d79cae70, 0x00000118da4fac40,
0x00000118c3b040e0, 0x00000118da421af0, 0x00000118e5b40cd0, 0x00000118da4fc450,
0x00000118cd708bb0, 0x00000118e9a938e0, 0x00000118d00abe00, 0x00000118dc2dd110
}

Java Threads: ( => current thread )
  0x00000118ffa52de0 JavaThread "main" [_thread_blocked, id=20172, stack(0x0000001223100000,0x0000001223200000)]
  0x00000118bd286be0 JavaThread "Reference Handler" daemon [_thread_blocked, id=8472, stack(0x0000001223800000,0x0000001223900000)]
  0x00000118bd2886c0 JavaThread "Finalizer" daemon [_thread_blocked, id=54712, stack(0x0000001223900000,0x0000001223a00000)]
  0x00000118bd2a2ec0 JavaThread "Signal Dispatcher" daemon [_thread_blocked, id=43872, stack(0x0000001223a00000,0x0000001223b00000)]
  0x00000118bd2a3390 JavaThread "Attach Listener" daemon [_thread_blocked, id=56648, stack(0x0000001223b00000,0x0000001223c00000)]
  0x00000118bd2a4870 JavaThread "Service Thread" daemon [_thread_blocked, id=15508, stack(0x0000001223c00000,0x0000001223d00000)]
  0x00000118bd2ab160 JavaThread "Monitor Deflation Thread" daemon [_thread_blocked, id=56560, stack(0x0000001223d00000,0x0000001223e00000)]
=>0x00000118bd2ada20 JavaThread "C2 CompilerThread0" daemon [_thread_in_native, id=55352, stack(0x0000001223e00000,0x0000001223f00000)]
  0x00000118bd2afff0 JavaThread "C1 CompilerThread0" daemon [_thread_blocked, id=34288, stack(0x0000001223f00000,0x0000001224000000)]
  0x00000118bd2b2510 JavaThread "Sweeper thread" daemon [_thread_blocked, id=55540, stack(0x0000001224000000,0x0000001224100000)]
  0x00000118bd88a590 JavaThread "Common-Cleaner" daemon [_thread_blocked, id=36040, stack(0x0000001224100000,0x0000001224200000)]
  0x00000118bd94a070 JavaThread "Notification Thread" daemon [_thread_blocked, id=39912, stack(0x0000001224200000,0x0000001224300000)]
  0x00000118bfef8a10 JavaThread "Daemon health stats" [_thread_blocked, id=36508, stack(0x0000001224f00000,0x0000001225000000)]
  0x00000118bf2e8510 JavaThread "Incoming local TCP Connector on port 59316" [_thread_in_native, id=37548, stack(0x0000001225000000,0x0000001225100000)]
  0x00000118c006b0a0 JavaThread "Daemon periodic checks" [_thread_blocked, id=24612, stack(0x0000001225100000,0x0000001225200000)]
  0x00000118c0019890 JavaThread "Cache worker for journal cache (C:\Users\Agrilift\.gradle\caches\journal-1)" [_thread_blocked, id=26068, stack(0x0000001225800000,0x0000001225900000)]
  0x00000118c001a700 JavaThread "File lock request listener" [_thread_in_native, id=55776, stack(0x0000001225900000,0x0000001225a00000)]
  0x00000118c0017bb0 JavaThread "Cache worker for file hash cache (C:\Users\Agrilift\.gradle\caches\9.3.1\fileHashes)" [_thread_blocked, id=49048, stack(0x0000001225a00000,0x0000001225b00000)]
  0x00000118c1d46550 JavaThread "File watcher server" daemon [_thread_in_native, id=52548, stack(0x0000001225f00000,0x0000001226000000)]
  0x00000118c1d43a00 JavaThread "File watcher consumer" daemon [_thread_blocked, id=54028, stack(0x0000001226000000,0x0000001226100000)]
  0x00000118c1d43ed0 JavaThread "Cache worker for file content cache (C:\Users\Agrilift\.gradle\caches\9.3.1\fileContent)" [_thread_blocked, id=56832, stack(0x0000001225c00000,0x0000001225d00000)]
  0x00000118cec29990 JavaThread "Memory manager" [_thread_blocked, id=10876, stack(0x0000001229100000,0x0000001229200000)]
  0x00000118c3a03410 JavaThread "RMI Scheduler(0)" daemon [_thread_blocked, id=2260, stack(0x0000001226500000,0x0000001226600000)]
  0x00000118c3a038e0 JavaThread "RMI TCP Accept-0" daemon [_thread_in_native, id=55856, stack(0x000000122c600000,0x000000122c700000)]
  0x00000118cec57f70 JavaThread "jar transforms" [_thread_blocked, id=56800, stack(0x000000122eb00000,0x000000122ec00000)]
  0x00000118cec5a120 JavaThread "jar transforms Thread 2" [_thread_blocked, id=56536, stack(0x000000122ec00000,0x000000122ed00000)]
  0x00000118cec58440 JavaThread "jar transforms Thread 3" [_thread_blocked, id=7436, stack(0x000000122ed00000,0x000000122ee00000)]
  0x00000118cec592b0 JavaThread "jar transforms Thread 4" [_thread_blocked, id=54412, stack(0x000000122ee00000,0x000000122ef00000)]
  0x00000118bf7ebef0 JavaThread "jar transforms Thread 5" [_thread_blocked, id=38984, stack(0x000000122ef00000,0x000000122f000000)]
  0x00000118bf7ed230 JavaThread "jar transforms Thread 6" [_thread_blocked, id=57104, stack(0x000000122f000000,0x000000122f100000)]
  0x00000118cec4d230 JavaThread "jar transforms Thread 7" [_thread_blocked, id=38076, stack(0x000000122f100000,0x000000122f200000)]
  0x00000118d542ef10 JavaThread "jar transforms Thread 8" [_thread_blocked, id=55232, stack(0x0000001230500000,0x0000001230600000)]
  0x00000118d542d700 JavaThread "jar transforms Thread 9" [_thread_blocked, id=43540, stack(0x0000001230600000,0x0000001230700000)]
  0x00000118d5430720 JavaThread "jar transforms Thread 10" [_thread_blocked, id=32208, stack(0x0000001230700000,0x0000001230800000)]
  0x00000118d5431590 JavaThread "jar transforms Thread 11" [_thread_blocked, id=7328, stack(0x0000001230800000,0x0000001230900000)]
  0x00000118d542dbd0 JavaThread "jar transforms Thread 12" [_thread_blocked, id=43740, stack(0x0000001230900000,0x0000001230a00000)]
  0x00000118d0684e60 JavaThread "Daemon Thread 2" [_thread_blocked, id=14980, stack(0x0000001222e00000,0x0000001222f00000)]
  0x00000118d0684990 JavaThread "Daemon worker Thread 2" [_thread_blocked, id=36824, stack(0x0000001224500000,0x0000001224600000)]
  0x00000118cd7086e0 JavaThread "RMI GC Daemon" daemon [_thread_blocked, id=8792, stack(0x000000122ab00000,0x000000122ac00000)]
  0x00000118cf3babc0 JavaThread "RMI Reaper" [_thread_blocked, id=56252, stack(0x000000122ac00000,0x000000122ad00000)]
  0x00000118d9ba9940 JavaThread "RMI TCP Accept-0" daemon [_thread_in_native, id=14972, stack(0x0000001230e00000,0x0000001230f00000)]
  0x00000118d9ba9e10 JavaThread "Cache worker for Java compile cache (C:\Users\Agrilift\.gradle\caches\9.3.1\javaCompile)" [_thread_blocked, id=44808, stack(0x0000001225700000,0x0000001225800000)]
  0x00000118d2830e50 JavaThread "DefaultDispatcher-worker-1" daemon [_thread_blocked, id=9896, stack(0x0000001232a00000,0x0000001232b00000)]
  0x00000118d282e7d0 JavaThread "DefaultDispatcher-worker-2" daemon [_thread_blocked, id=45692, stack(0x0000001232d00000,0x0000001232e00000)]
  0x00000118cd707870 JavaThread "DefaultDispatcher-worker-3" daemon [_thread_blocked, id=35776, stack(0x0000001233000000,0x0000001233100000)]
  0x00000118d7e29a20 JavaThread "DefaultDispatcher-worker-4" daemon [_thread_blocked, id=56708, stack(0x0000001233100000,0x0000001233200000)]
  0x00000118d28304b0 JavaThread "DefaultDispatcher-worker-5" daemon [_thread_blocked, id=36556, stack(0x0000001233200000,0x0000001233300000)]
  0x00000118da422490 JavaThread "DefaultDispatcher-worker-6" daemon [_thread_blocked, id=37512, stack(0x0000001233300000,0x0000001233400000)]
  0x00000118cd6a5810 JavaThread "DefaultDispatcher-worker-7" daemon [_thread_blocked, id=21588, stack(0x0000001233400000,0x0000001233500000)]
  0x00000118e639b3e0 JavaThread "DefaultDispatcher-worker-8" daemon [_thread_blocked, id=30056, stack(0x0000001233500000,0x0000001233600000)]
  0x00000118e4da6990 JavaThread "DefaultDispatcher-worker-9" daemon [_thread_blocked, id=6056, stack(0x0000001234e00000,0x0000001234f00000)]
  0x00000118dc2ddab0 JavaThread "DefaultDispatcher-worker-10" daemon [_thread_blocked, id=12008, stack(0x0000001234f00000,0x0000001235000000)]
  0x00000118f1ed34f0 JavaThread "DefaultDispatcher-worker-11" daemon [_thread_blocked, id=20616, stack(0x0000001235000000,0x0000001235100000)]
  0x00000118cfe03870 JavaThread "DefaultDispatcher-worker-12" daemon [_thread_blocked, id=18832, stack(0x0000001235100000,0x0000001235200000)]
  0x00000118d79ce360 JavaThread "Periodic tasks thread" daemon [_thread_blocked, id=23208, stack(0x0000001235300000,0x0000001235400000)]
  0x00000118d7e27d40 JavaThread "ForkJoinPool.commonPool-worker-2" daemon [_thread_blocked, id=50788, stack(0x0000001235500000,0x0000001235600000)]
  0x00000118cfe04bb0 JavaThread "ForkJoinPool.commonPool-worker-3" daemon [_thread_blocked, id=37096, stack(0x0000001235600000,0x0000001235700000)]
  0x00000118e44bedc0 JavaThread "ForkJoinPool.commonPool-worker-5" daemon [_thread_blocked, id=50332, stack(0x0000001235700000,0x0000001235800000)]
  0x00000118c0472550 JavaThread "ForkJoinPool.commonPool-worker-4" daemon [_thread_blocked, id=45000, stack(0x0000001235800000,0x0000001235900000)]
  0x00000118e44bd5b0 JavaThread "ForkJoinPool.commonPool-worker-6" daemon [_thread_blocked, id=20976, stack(0x0000001235900000,0x0000001235a00000)]
  0x00000118e44bc270 JavaThread "ForkJoinPool.commonPool-worker-7" daemon [_thread_blocked, id=55616, stack(0x0000001235a00000,0x0000001235b00000)]
  0x00000118f1667900 JavaThread "Java2D Disposer" daemon [_thread_blocked, id=8128, stack(0x0000001235b00000,0x0000001235c00000)]
  0x00000118f1665c20 JavaThread "AWT-Windows" daemon [_thread_in_native, id=53016, stack(0x0000001235d00000,0x0000001235e00000)]
  0x00000118d556cf40 JavaThread "ApplicationImpl pooled thread 2" [_thread_blocked, id=52204, stack(0x0000001235f00000,0x0000001236000000)]
  0x00000118d556f0f0 JavaThread "ApplicationImpl pooled thread 3" [_thread_blocked, id=17604, stack(0x0000001236000000,0x0000001236100000)]
  0x00000118c3b010c0 JavaThread "File lock release action executor Thread 2" [_thread_blocked, id=40920, stack(0x0000001230c00000,0x0000001230d00000)]
  0x00000118c3b01f30 JavaThread "Handler for socket connection from /127.0.0.1:59316 to /127.0.0.1:63575" [_thread_in_native, id=17676, stack(0x0000001222f00000,0x0000001223000000)]
  0x00000118c3afe570 JavaThread "Cancel handler" [_thread_blocked, id=54832, stack(0x0000001223000000,0x0000001223100000)]
  0x00000118f1667430 JavaThread "Asynchronous log dispatcher for DefaultDaemonConnection: socket connection from /127.0.0.1:59316 to /127.0.0.1:63575" [_thread_blocked, id=4180, stack(0x0000001225300000,0x0000001225400000)]
  0x00000118f1667dd0 JavaThread "Stdin handler" [_thread_blocked, id=9632, stack(0x0000001225400000,0x0000001225500000)]
  0x00000118f16660f0 JavaThread "Daemon client event forwarder" [_thread_blocked, id=38120, stack(0x0000001225500000,0x0000001225600000)]
  0x00000118f1668c40 JavaThread "Cache worker for file hash cache (D:\help_desk\personal\Evolix Technologies\mobile\career_pilot_flutter\android\.gradle\9.3.1\fileHashes)" [_thread_blocked, id=26052, stack(0x0000001225600000,0x0000001225700000)]
  0x00000118f1665750 JavaThread "Cache worker for Build Output Cleanup Cache (D:\help_desk\personal\Evolix Technologies\mobile\career_pilot_flutter\android\.gradle\buildOutputCleanup)" [_thread_blocked, id=38068, stack(0x0000001225d00000,0x0000001225e00000)]
  0x00000118f16665c0 JavaThread "Cache worker for checksums cache (D:\help_desk\personal\Evolix Technologies\mobile\career_pilot_flutter\android\.gradle\9.3.1\checksums)" [_thread_blocked, id=25328, stack(0x0000001225e00000,0x0000001225f00000)]
  0x00000118cfa60580 JavaThread "Cache worker for cache directory md-supplier (C:\Users\Agrilift\.gradle\caches\9.3.1\md-supplier)" [_thread_blocked, id=43632, stack(0x0000001226600000,0x0000001226700000)]
  0x00000118f1bf1870 JavaThread "Cache worker for cache directory md-rule (C:\Users\Agrilift\.gradle\caches\9.3.1\md-rule)" [_thread_blocked, id=35100, stack(0x0000001226700000,0x0000001226800000)]
  0x00000118d2830980 JavaThread "Cache worker for Build Output Cleanup Cache (D:\agriLift\sdk\flutter_3.47.0\packages\flutter_tools\gradle\.gradle\buildOutputCleanup)" [_thread_blocked, id=54212, stack(0x0000001226800000,0x0000001226900000)]
  0x00000118d556d410 JavaThread "Unconstrained build operations" [_thread_blocked, id=26760, stack(0x0000001226f00000,0x0000001227000000)]
  0x00000118d556c5a0 JavaThread "Unconstrained build operations Thread 2" [_thread_blocked, id=47420, stack(0x0000001227000000,0x0000001227100000)]
  0x00000118d556ddb0 JavaThread "Unconstrained build operations Thread 3" [_thread_blocked, id=13280, stack(0x0000001227100000,0x0000001227200000)]
  0x00000118cd6a61b0 JavaThread "Unconstrained build operations Thread 4" [_thread_blocked, id=37036, stack(0x0000001227200000,0x0000001227300000)]
  0x00000118cd6a8d00 JavaThread "Unconstrained build operations Thread 5" [_thread_blocked, id=8224, stack(0x0000001227300000,0x0000001227400000)]
  0x00000118cd6a74f0 JavaThread "Unconstrained build operations Thread 6" [_thread_blocked, id=19900, stack(0x0000001227400000,0x0000001227500000)]
  0x00000118cd6a8360 JavaThread "Unconstrained build operations Thread 7" [_thread_blocked, id=4596, stack(0x0000001227500000,0x0000001227600000)]
  0x00000118d9d25c80 JavaThread "Unconstrained build operations Thread 8" [_thread_blocked, id=36548, stack(0x0000001227600000,0x0000001227700000)]
  0x00000118ea392120 JavaThread "Unconstrained build operations Thread 9" [_thread_blocked, id=52780, stack(0x0000001227700000,0x0000001227800000)]
  0x00000118ea393930 JavaThread "Unconstrained build operations Thread 10" [_thread_blocked, id=30312, stack(0x0000001227800000,0x0000001227900000)]
  0x00000118ea392f90 JavaThread "Unconstrained build operations Thread 11" [_thread_blocked, id=7400, stack(0x0000001227900000,0x0000001227a00000)]
  0x00000118dbcd7570 JavaThread "Unconstrained build operations Thread 12" [_thread_blocked, id=46456, stack(0x0000001227a00000,0x0000001227b00000)]
  0x00000118dbcd7a40 JavaThread "Unconstrained build operations Thread 13" [_thread_blocked, id=46732, stack(0x0000001227b00000,0x0000001227c00000)]
  0x00000118dbcd5890 JavaThread "Unconstrained build operations Thread 14" [_thread_blocked, id=33012, stack(0x0000001227c00000,0x0000001227d00000)]
  0x00000118dbcd5d60 JavaThread "Unconstrained build operations Thread 15" [_thread_blocked, id=50984, stack(0x0000001227d00000,0x0000001227e00000)]
  0x00000118dbcd6700 JavaThread "Unconstrained build operations Thread 16" [_thread_blocked, id=53444, stack(0x0000001227e00000,0x0000001227f00000)]
  0x00000118dbcd7f10 JavaThread "Unconstrained build operations Thread 17" [_thread_blocked, id=37608, stack(0x0000001227f00000,0x0000001228000000)]
  0x00000118dbcd4a20 JavaThread "Unconstrained build operations Thread 18" [_thread_blocked, id=34624, stack(0x0000001228000000,0x0000001228100000)]
  0x00000118dbcd6bd0 JavaThread "Unconstrained build operations Thread 19" [_thread_blocked, id=10564, stack(0x0000001228100000,0x0000001228200000)]
  0x00000118dbcd70a0 JavaThread "Unconstrained build operations Thread 20" [_thread_blocked, id=6944, stack(0x0000001228200000,0x0000001228300000)]
  0x00000118dbcd4ef0 JavaThread "Unconstrained build operations Thread 21" [_thread_blocked, id=34760, stack(0x0000001228400000,0x0000001228500000)]
  0x00000118cd1feed0 JavaThread "Unconstrained build operations Thread 22" [_thread_blocked, id=35996, stack(0x0000001228500000,0x0000001228600000)]
  0x00000118cd1ff3a0 JavaThread "build event listener" [_thread_blocked, id=48204, stack(0x0000001228600000,0x0000001228700000)]
  0x00000118f1bf13a0 JavaThread "included builds" [_thread_blocked, id=40876, stack(0x0000001228700000,0x0000001228800000)]
  0x00000118cd1fe530 JavaThread "Execution worker" [_thread_blocked, id=22728, stack(0x0000001228800000,0x0000001228900000)]
  0x00000118cd1ff870 JavaThread "Execution worker Thread 2" [_thread_blocked, id=48600, stack(0x0000001228900000,0x0000001228a00000)]
  0x00000118cd1fea00 JavaThread "Execution worker Thread 3" [_thread_blocked, id=3812, stack(0x0000001228a00000,0x0000001228b00000)]
  0x00000118cd200210 JavaThread "Execution worker Thread 4" [_thread_blocked, id=54904, stack(0x0000001228b00000,0x0000001228c00000)]
  0x00000118cd1ffd40 JavaThread "Execution worker Thread 5" [_thread_blocked, id=18424, stack(0x0000001228c00000,0x0000001228d00000)]
  0x00000118cd2006e0 JavaThread "Execution worker Thread 6" [_thread_blocked, id=56952, stack(0x0000001228d00000,0x0000001228e00000)]
  0x00000118cd200bb0 JavaThread "Execution worker Thread 7" [_thread_blocked, id=56480, stack(0x0000001228e00000,0x0000001228f00000)]
  0x00000118cd201080 JavaThread "Execution worker Thread 8" [_thread_blocked, id=26452, stack(0x0000001228f00000,0x0000001229000000)]
  0x00000118cd201550 JavaThread "Execution worker Thread 9" [_thread_blocked, id=7276, stack(0x0000001229000000,0x0000001229100000)]
  0x00000118cd201a20 JavaThread "Execution worker Thread 10" [_thread_blocked, id=56288, stack(0x0000001229200000,0x0000001229300000)]
  0x00000118cd1fe060 JavaThread "Execution worker Thread 11" [_thread_blocked, id=15792, stack(0x0000001229300000,0x0000001229400000)]
  0x00000118f1bf3a20 JavaThread "Cache worker for execution history cache (D:\agriLift\sdk\flutter_3.47.0\packages\flutter_tools\gradle\.gradle\9.3.1\executionHistory)" [_thread_blocked, id=19964, stack(0x0000001229400000,0x0000001229500000)]
  0x00000118c3b02400 JavaThread "Unconstrained build operations Thread 23" [_thread_blocked, id=40844, stack(0x0000001229500000,0x0000001229600000)]
  0x00000118c3b028d0 JavaThread "Unconstrained build operations Thread 24" [_thread_blocked, id=56196, stack(0x0000001229600000,0x0000001229700000)]
  0x00000118c3b02da0 JavaThread "Unconstrained build operations Thread 25" [_thread_blocked, id=20512, stack(0x0000001229700000,0x0000001229800000)]
  0x00000118c3b03270 JavaThread "Unconstrained build operations Thread 26" [_thread_blocked, id=53568, stack(0x0000001229800000,0x0000001229900000)]
  0x00000118f1bf0ed0 JavaThread "Unconstrained build operations Thread 27" [_thread_blocked, id=43340, stack(0x0000001229900000,0x0000001229a00000)]
  0x00000118f1bf1d40 JavaThread "Unconstrained build operations Thread 28" [_thread_blocked, id=57336, stack(0x0000001229a00000,0x0000001229b00000)]
  0x00000118f1bf0530 JavaThread "Unconstrained build operations Thread 29" [_thread_blocked, id=35076, stack(0x0000001229b00000,0x0000001229c00000)]
  0x00000118f1bf3080 JavaThread "Unconstrained build operations Thread 30" [_thread_blocked, id=40220, stack(0x0000001229c00000,0x0000001229d00000)]
  0x00000118f1bf0a00 JavaThread "Unconstrained build operations Thread 31" [_thread_blocked, id=36868, stack(0x0000001229d00000,0x0000001229e00000)]
  0x00000118f1bf2210 JavaThread "Unconstrained build operations Thread 32" [_thread_blocked, id=42796, stack(0x0000001229e00000,0x0000001229f00000)]
  0x00000118f1bf26e0 JavaThread "Unconstrained build operations Thread 33" [_thread_blocked, id=17236, stack(0x0000001229f00000,0x000000122a000000)]
  0x00000118d282f640 JavaThread "Unconstrained build operations Thread 34" [_thread_blocked, id=41764, stack(0x000000122a000000,0x000000122a100000)]
  0x00000118d282ffe0 JavaThread "Unconstrained build operations Thread 35" [_thread_blocked, id=2744, stack(0x000000122a100000,0x000000122a200000)]
  0x00000118d282d960 JavaThread "Unconstrained build operations Thread 36" [_thread_blocked, id=25972, stack(0x000000122a200000,0x000000122a300000)]
  0x00000118d282de30 JavaThread "Unconstrained build operations Thread 37" [_thread_blocked, id=12168, stack(0x000000122a300000,0x000000122a400000)]
  0x00000118cf3ba220 JavaThread "Unconstrained build operations Thread 38" [_thread_blocked, id=23536, stack(0x000000122a400000,0x000000122a500000)]
  0x00000118cf3bba30 JavaThread "Unconstrained build operations Thread 39" [_thread_blocked, id=6824, stack(0x000000122a500000,0x000000122a600000)]
  0x00000118cf3b8540 JavaThread "Unconstrained build operations Thread 40" [_thread_blocked, id=21408, stack(0x000000122a600000,0x000000122a700000)]
  0x00000118cf3b9880 JavaThread "Unconstrained build operations Thread 41" [_thread_blocked, id=55620, stack(0x000000122a700000,0x000000122a800000)]
  0x00000118cf3b8ee0 JavaThread "Unconstrained build operations Thread 42" [_thread_blocked, id=20960, stack(0x000000122a800000,0x000000122a900000)]
  0x00000118cf3bb090 JavaThread "Unconstrained build operations Thread 43" [_thread_blocked, id=45024, stack(0x000000122a900000,0x000000122aa00000)]
  0x00000118cf3b8a10 JavaThread "Unconstrained build operations Thread 44" [_thread_blocked, id=51268, stack(0x000000122aa00000,0x000000122ab00000)]
  0x00000118cf3ba6f0 JavaThread "Unconstrained build operations Thread 45" [_thread_blocked, id=56840, stack(0x000000122ad00000,0x000000122ae00000)]
  0x00000118cf3b8070 JavaThread "Unconstrained build operations Thread 46" [_thread_blocked, id=54708, stack(0x000000122ae00000,0x000000122af00000)]
  0x00000118cf3b9d50 JavaThread "WorkerExecutor Queue" [_thread_blocked, id=26568, stack(0x000000122af00000,0x000000122b000000)]
  0x00000118f1bf2bb0 JavaThread "RMI TCP Connection(idle)" daemon [_thread_blocked, id=50700, stack(0x000000122b100000,0x000000122b200000)]
  0x00000118ce9fa6e0 JavaThread "Unconstrained build operations Thread 47" [_thread_blocked, id=19348, stack(0x0000001226e00000,0x0000001226f00000)]
  0x00000118ce9fabb0 JavaThread "Unconstrained build operations Thread 48" [_thread_blocked, id=56668, stack(0x000000122b200000,0x000000122b300000)]
  0x00000118ce9fb550 JavaThread "Unconstrained build operations Thread 49" [_thread_blocked, id=6788, stack(0x000000122b300000,0x000000122b400000)]
  0x00000118ce9fb080 JavaThread "Unconstrained build operations Thread 50" [_thread_blocked, id=55868, stack(0x000000122b400000,0x000000122b500000)]
  0x00000118ce9f8060 JavaThread "Unconstrained build operations Thread 51" [_thread_blocked, id=46096, stack(0x000000122b500000,0x000000122b600000)]
  0x00000118d7d1a860 JavaThread "Unconstrained build operations Thread 52" [_thread_blocked, id=41716, stack(0x000000122b600000,0x000000122b700000)]
  0x00000118d7d19ec0 JavaThread "Unconstrained build operations Thread 53" [_thread_blocked, id=18744, stack(0x000000122b700000,0x000000122b800000)]
  0x00000118d7d1b200 JavaThread "Unconstrained build operations Thread 54" [_thread_blocked, id=43184, stack(0x000000122b800000,0x000000122b900000)]
  0x00000118d7d1ad30 JavaThread "Unconstrained build operations Thread 55" [_thread_blocked, id=46288, stack(0x000000122b900000,0x000000122ba00000)]
  0x00000118d7d1ca10 JavaThread "Unconstrained build operations Thread 56" [_thread_blocked, id=42656, stack(0x000000122ba00000,0x000000122bb00000)]
  0x00000118d8082130 JavaThread "Unconstrained build operations Thread 57" [_thread_blocked, id=17060, stack(0x000000122bb00000,0x000000122bc00000)]
  0x00000118ccfb0bb0 JavaThread "Unconstrained build operations Thread 58" [_thread_blocked, id=7196, stack(0x000000122be00000,0x000000122bf00000)]
  0x00000118cd706530 JavaThread "Unconstrained build operations Thread 59" [_thread_blocked, id=42516, stack(0x000000122bf00000,0x000000122c000000)]
  0x00000118cd706ed0 JavaThread "Unconstrained build operations Thread 60" [_thread_blocked, id=43012, stack(0x000000122c000000,0x000000122c100000)]
  0x00000118cd707d40 JavaThread "Unconstrained build operations Thread 61" [_thread_blocked, id=49100, stack(0x000000122c100000,0x000000122c200000)]
  0x00000118ea31dee0 JavaThread "Unconstrained build operations Thread 62" [_thread_blocked, id=8912, stack(0x000000122c200000,0x000000122c300000)]
  0x00000118ea31d540 JavaThread "Unconstrained build operations Thread 63" [_thread_blocked, id=24764, stack(0x000000122c300000,0x000000122c400000)]
  0x00000118ea31e3b0 JavaThread "Unconstrained build operations Thread 64" [_thread_blocked, id=55744, stack(0x000000122c400000,0x000000122c500000)]
  0x00000118ea31f220 JavaThread "Unconstrained build operations Thread 65" [_thread_blocked, id=24356, stack(0x000000122c500000,0x000000122c600000)]
  0x00000118ea31c6d0 JavaThread "Unconstrained build operations Thread 66" [_thread_blocked, id=19140, stack(0x000000122c700000,0x000000122c800000)]
  0x00000118ea31b860 JavaThread "Unconstrained build operations Thread 67" [_thread_blocked, id=16736, stack(0x000000122c800000,0x000000122c900000)]
  0x00000118ea31bd30 JavaThread "Unconstrained build operations Thread 68" [_thread_blocked, id=55404, stack(0x000000122c900000,0x000000122ca00000)]
  0x00000118ea390910 JavaThread "build event listener" [_thread_blocked, id=55756, stack(0x000000122ca00000,0x000000122cb00000)]
  0x00000118ea392ac0 JavaThread "build event listener" [_thread_blocked, id=8404, stack(0x000000122cb00000,0x000000122cc00000)]
  0x00000118ea31c200 JavaThread "Problems report writer" [_thread_blocked, id=56864, stack(0x000000122cc00000,0x000000122cd00000)]
  0x00000118ea31cba0 JavaThread "Unconstrained build operations Thread 69" [_thread_blocked, id=30084, stack(0x000000122cd00000,0x000000122ce00000)]
  0x00000118ea31d070 JavaThread "Unconstrained build operations Thread 70" [_thread_blocked, id=32872, stack(0x000000122ce00000,0x000000122cf00000)]
  0x00000118d7e28bb0 JavaThread "Unconstrained build operations Thread 71" [_thread_blocked, id=49928, stack(0x000000122cf00000,0x000000122d000000)]
  0x00000118ea391c50 JavaThread "Unconstrained build operations Thread 72" [_thread_blocked, id=56852, stack(0x000000122d000000,0x000000122d100000)]
  0x00000118ea38ff70 JavaThread "Unconstrained build operations Thread 73" [_thread_blocked, id=10128, stack(0x000000122d100000,0x000000122d200000)]
  0x00000118ea390440 JavaThread "Unconstrained build operations Thread 74" [_thread_blocked, id=4100, stack(0x000000122d200000,0x000000122d300000)]
  0x00000118ea390de0 JavaThread "Unconstrained build operations Thread 75" [_thread_blocked, id=8152, stack(0x000000122d300000,0x000000122d400000)]
  0x00000118ea393460 JavaThread "Unconstrained build operations Thread 76" [_thread_blocked, id=12456, stack(0x000000122d400000,0x000000122d500000)]
  0x00000118ea3912b0 JavaThread "Unconstrained build operations Thread 77" [_thread_blocked, id=50320, stack(0x000000122d500000,0x000000122d600000)]
  0x00000118ea391780 JavaThread "Unconstrained build operations Thread 78" [_thread_blocked, id=3224, stack(0x000000122d600000,0x000000122d700000)]
  0x00000118ea3925f0 JavaThread "Unconstrained build operations Thread 79" [_thread_blocked, id=31024, stack(0x000000122d700000,0x000000122d800000)]
  0x00000118d556d8e0 JavaThread "Unconstrained build operations Thread 80" [_thread_blocked, id=7780, stack(0x000000122d800000,0x000000122d900000)]
  0x00000118d556e280 JavaThread "Unconstrained build operations Thread 81" [_thread_blocked, id=11796, stack(0x000000122d900000,0x000000122da00000)]
  0x00000118d556bc00 JavaThread "Unconstrained build operations Thread 82" [_thread_blocked, id=38416, stack(0x000000122da00000,0x000000122db00000)]
  0x00000118dbccda80 JavaThread "Unconstrained build operations Thread 83" [_thread_blocked, id=23976, stack(0x000000122db00000,0x000000122dc00000)]
  0x00000118dbcd1440 JavaThread "Unconstrained build operations Thread 84" [_thread_blocked, id=32716, stack(0x000000122dc00000,0x000000122dd00000)]
  0x00000118d7e26a00 JavaThread "Unconstrained build operations Thread 85" [_thread_blocked, id=35516, stack(0x000000122dd00000,0x000000122de00000)]
  0x00000118d7e29080 JavaThread "Unconstrained build operations Thread 86" [_thread_blocked, id=35648, stack(0x000000122de00000,0x000000122df00000)]
  0x00000118d7e286e0 JavaThread "Unconstrained build operations Thread 87" [_thread_blocked, id=11972, stack(0x000000122df00000,0x000000122e000000)]
  0x00000118e7f00de0 JavaThread "Unconstrained build operations Thread 88" [_thread_blocked, id=55908, stack(0x000000122e000000,0x000000122e100000)]
  0x00000118e7f00440 JavaThread "Unconstrained build operations Thread 89" [_thread_blocked, id=57156, stack(0x000000122e100000,0x000000122e200000)]
  0x00000118e7f00910 JavaThread "Unconstrained build operations Thread 90" [_thread_blocked, id=46028, stack(0x000000122e200000,0x000000122e300000)]
  0x00000118ce9f8a00 JavaThread "Unconstrained build operations Thread 91" [_thread_blocked, id=43516, stack(0x000000122e300000,0x000000122e400000)]
  0x00000118e90c4300 JavaThread "Unconstrained build operations Thread 92" [_thread_blocked, id=5048, stack(0x000000122e400000,0x000000122e500000)]
  0x00000118e90c47d0 JavaThread "Unconstrained build operations Thread 93" [_thread_blocked, id=40608, stack(0x000000122e500000,0x000000122e600000)]
  0x00000118e90c2620 JavaThread "Unconstrained build operations Thread 94" [_thread_blocked, id=47996, stack(0x000000122e600000,0x000000122e700000)]
  0x00000118e90c3960 JavaThread "Unconstrained build operations Thread 95" [_thread_blocked, id=37816, stack(0x000000122e700000,0x000000122e800000)]
  0x00000118e90c2150 JavaThread "Unconstrained build operations Thread 96" [_thread_blocked, id=46068, stack(0x000000122e800000,0x000000122e900000)]
  0x00000118e90c2af0 JavaThread "Unconstrained build operations Thread 97" [_thread_blocked, id=12392, stack(0x000000122e900000,0x000000122ea00000)]
  0x00000118e90c4ca0 JavaThread "Unconstrained build operations Thread 98" [_thread_blocked, id=23312, stack(0x000000122ea00000,0x000000122eb00000)]
  0x00000118e90c5640 JavaThread "Unconstrained build operations Thread 99" [_thread_blocked, id=37224, stack(0x000000122f200000,0x000000122f300000)]
  0x00000118e90c3e30 JavaThread "Unconstrained build operations Thread 100" [_thread_blocked, id=45872, stack(0x000000122f300000,0x000000122f400000)]
  0x00000118e4faea00 JavaThread "Unconstrained build operations Thread 101" [_thread_blocked, id=39456, stack(0x000000122f400000,0x000000122f500000)]
  0x00000118e90c5170 JavaThread "Unconstrained build operations Thread 102" [_thread_blocked, id=51068, stack(0x000000122f500000,0x000000122f600000)]
  0x00000118e90c5b10 JavaThread "Unconstrained build operations Thread 103" [_thread_blocked, id=17276, stack(0x000000122f600000,0x000000122f700000)]
  0x00000118e90c2fc0 JavaThread "Unconstrained build operations Thread 104" [_thread_blocked, id=29984, stack(0x000000122f700000,0x000000122f800000)]
  0x00000118e90c3490 JavaThread "Unconstrained build operations Thread 105" [_thread_blocked, id=15256, stack(0x000000122f800000,0x000000122f900000)]
  0x00000118ccfb1080 JavaThread "Unconstrained build operations Thread 106" [_thread_blocked, id=11332, stack(0x000000122f900000,0x000000122fa00000)]
  0x00000118ccfae530 JavaThread "Unconstrained build operations Thread 107" [_thread_blocked, id=39948, stack(0x000000122fa00000,0x000000122fb00000)]
  0x00000118ccfb1550 JavaThread "Unconstrained build operations Thread 108" [_thread_blocked, id=56060, stack(0x000000122fb00000,0x000000122fc00000)]
  0x00000118ccfaf870 JavaThread "Unconstrained build operations Thread 109" [_thread_blocked, id=16412, stack(0x000000122fc00000,0x000000122fd00000)]
  0x00000118ccfafd40 JavaThread "Unconstrained build operations Thread 110" [_thread_blocked, id=25804, stack(0x000000122fd00000,0x000000122fe00000)]
  0x00000118ccfb0210 JavaThread "Unconstrained build operations Thread 111" [_thread_blocked, id=18572, stack(0x000000122fe00000,0x000000122ff00000)]
  0x00000118ccfb1a20 JavaThread "Unconstrained build operations Thread 112" [_thread_blocked, id=55804, stack(0x000000122ff00000,0x0000001230000000)]
  0x00000118be9d00d0 JavaThread "Unconstrained build operations Thread 113" [_thread_blocked, id=16356, stack(0x0000001230000000,0x0000001230100000)]
  0x00000118be9cf730 JavaThread "Unconstrained build operations Thread 114" [_thread_blocked, id=22948, stack(0x0000001230100000,0x0000001230200000)]
  0x00000118e5b189d0 JavaThread "Unconstrained build operations Thread 115" [_thread_blocked, id=988, stack(0x0000001230200000,0x0000001230300000)]
  0x00000118e5b15e80 JavaThread "Unconstrained build operations Thread 116" [_thread_blocked, id=43268, stack(0x0000001230300000,0x0000001230400000)]
  0x00000118ccfae060 JavaThread "Unconstrained build operations Thread 117" [_thread_blocked, id=55576, stack(0x0000001230400000,0x0000001230500000)]
  0x00000118ccfaea00 JavaThread "Unconstrained build operations Thread 118" [_thread_blocked, id=30400, stack(0x0000001230b00000,0x0000001230c00000)]
  0x00000118ccfaeed0 JavaThread "Unconstrained build operations Thread 119" [_thread_blocked, id=31516, stack(0x0000001230d00000,0x0000001230e00000)]
  0x00000118d9ba7c60 JavaThread "Unconstrained build operations Thread 120" [_thread_blocked, id=24624, stack(0x0000001230f00000,0x0000001231000000)]
  0x00000118dbcce8f0 JavaThread "Cache worker for execution history cache (D:\help_desk\personal\Evolix Technologies\mobile\career_pilot_flutter\android\.gradle\9.3.1\executionHistory)" [_thread_blocked, id=53212, stack(0x000000122bd00000,0x000000122be00000)]
  0x00000118e5b19840 JavaThread "WorkerExecutor Queue Thread 2" [_thread_in_Java, id=54592, stack(0x0000001231000000,0x0000001231100000)]
  0x00000118c3affd80 JavaThread "WorkerExecutor Queue Thread 3" [_thread_in_native, id=44544, stack(0x000000122bc00000,0x000000122bd00000)]
  0x00000118da4fa770 JavaThread "ForkJoinPool-3-worker-1" daemon [_thread_blocked, id=42636, stack(0x0000001231200000,0x0000001231300000)]
  0x00000118f1bf0060 JavaThread "ForkJoinPool-3-worker-2" daemon [_thread_blocked, id=2144, stack(0x0000001231300000,0x0000001231400000)]
  0x00000118cecad0c0 JavaThread "ForkJoinPool-3-worker-3" daemon [_thread_blocked, id=54292, stack(0x0000001231400000,0x0000001231500000)]
  0x00000118c3afef10 JavaThread "ForkJoinPool-3-worker-4" daemon [_thread_blocked, id=6220, stack(0x0000001231500000,0x0000001231600000)]
  0x00000118cecad590 JavaThread "ForkJoinPool-3-worker-5" daemon [_thread_blocked, id=47068, stack(0x0000001231600000,0x0000001231700000)]
  0x00000118da4f9430 JavaThread "ForkJoinPool-3-worker-6" daemon [_thread_blocked, id=56328, stack(0x0000001231700000,0x0000001231800000)]
  0x00000118da4f9900 JavaThread "ForkJoinPool-3-worker-7" daemon [_thread_blocked, id=36416, stack(0x0000001231800000,0x0000001231900000)]
  0x00000118da4f9dd0 JavaThread "ForkJoinPool-3-worker-8" daemon [_thread_blocked, id=28568, stack(0x0000001231900000,0x0000001231a00000)]
  0x00000118da4fbab0 JavaThread "ForkJoinPool-3-worker-9" daemon [_thread_blocked, id=43204, stack(0x0000001231a00000,0x0000001231b00000)]
  0x00000118da4f8f60 JavaThread "ForkJoinPool-3-worker-10" daemon [_thread_blocked, id=6084, stack(0x0000001231b00000,0x0000001231c00000)]
  0x00000118da4fa2a0 JavaThread "ForkJoinPool-3-worker-11" daemon [_thread_blocked, id=40520, stack(0x0000001231c00000,0x0000001231d00000)]
  0x00000118da4fbf80 JavaThread "ForkJoinPool-3-worker-12" daemon [_thread_blocked, id=42236, stack(0x0000001231d00000,0x0000001231e00000)]
  0x00000118da4fb110 JavaThread "WorkerExecutor Queue Thread 4" [_thread_in_Java, id=24796, stack(0x000000122b000000,0x000000122b100000)]
  0x00000118da41efa0 JavaThread "WorkerExecutor Queue Thread 5" [_thread_blocked, id=17432, stack(0x0000001232000000,0x0000001232100000)]
  0x00000118e6dfd390 JavaThread "WorkerExecutor Queue Thread 6" [_thread_in_vm, id=48500, stack(0x0000001232100000,0x0000001232200000)]
  0x00000118e4fafd40 JavaThread "WorkerExecutor Queue Thread 7" [_thread_blocked, id=49864, stack(0x0000001232200000,0x0000001232300000)]
  0x00000118cf3b93b0 JavaThread "WorkerExecutor Queue Thread 8" [_thread_blocked, id=56848, stack(0x0000001232300000,0x0000001232400000)]
  0x00000118d9ba8ad0 JavaThread "WorkerExecutor Queue Thread 9" [_thread_blocked, id=13056, stack(0x0000001232400000,0x0000001232500000)]
  0x00000118f1bf3550 JavaThread "WorkerExecutor Queue Thread 10" [_thread_blocked, id=56660, stack(0x0000001232500000,0x0000001232600000)]
  0x00000118d79cae70 JavaThread "WorkerExecutor Queue Thread 11" [_thread_blocked, id=37384, stack(0x0000001232600000,0x0000001232700000)]
  0x00000118da4fac40 JavaThread "WorkerExecutor Queue Thread 12" [_thread_blocked, id=14508, stack(0x0000001232700000,0x0000001232800000)]
  0x00000118c3b040e0 JavaThread "RMI TCP Connection(idle)" daemon [_thread_blocked, id=43960, stack(0x0000001232900000,0x0000001232a00000)]
  0x00000118da421af0 JavaThread "ApplicationImpl pooled thread 7" [_thread_blocked, id=21564, stack(0x0000001232b00000,0x0000001232c00000)]
  0x00000118e5b40cd0 JavaThread "RMI TCP Connection(idle)" daemon [_thread_blocked, id=34648, stack(0x0000001232c00000,0x0000001232d00000)]
  0x00000118da4fc450 JavaThread "RMI TCP Connection(idle)" daemon [_thread_blocked, id=17316, stack(0x0000001232800000,0x0000001232900000)]
  0x00000118cd708bb0 JavaThread "RMI TCP Connection(idle)" daemon [_thread_blocked, id=2900, stack(0x0000001233700000,0x0000001233800000)]
  0x00000118e9a938e0 JavaThread "C2 CompilerThread1" daemon [_thread_in_native, id=41924, stack(0x0000001225200000,0x0000001225300000)]
  0x00000118d00abe00 JavaThread "C2 CompilerThread2" daemon [_thread_in_native, id=21096, stack(0x0000001228300000,0x0000001228400000)]
  0x00000118dc2dd110 JavaThread "Keep-Alive-Timer" daemon [_thread_blocked, id=5088, stack(0x0000001233800000,0x0000001233900000)]

Other Threads:
  0x00000118bd283230 VMThread "VM Thread" [stack: 0x0000001223700000,0x0000001223800000] [id=47108]
  0x00000118ffaeeec0 WatcherThread [stack: 0x0000001224300000,0x0000001224400000] [id=49288]
  0x00000118ffacb620 GCTaskThread "GC Thread#0" [stack: 0x0000001223200000,0x0000001223300000] [id=9640]
  0x00000118be90b2f0 GCTaskThread "GC Thread#1" [stack: 0x0000001224600000,0x0000001224700000] [id=30092]
  0x00000118be90b5a0 GCTaskThread "GC Thread#2" [stack: 0x0000001224700000,0x0000001224800000] [id=52080]
  0x00000118be6e0d30 GCTaskThread "GC Thread#3" [stack: 0x0000001224800000,0x0000001224900000] [id=48748]
  0x00000118be6e0fe0 GCTaskThread "GC Thread#4" [stack: 0x0000001224900000,0x0000001224a00000] [id=55264]
  0x00000118be6e1290 GCTaskThread "GC Thread#5" [stack: 0x0000001224a00000,0x0000001224b00000] [id=17796]
  0x00000118be6e1540 GCTaskThread "GC Thread#6" [stack: 0x0000001224b00000,0x0000001224c00000] [id=52668]
  0x00000118bdaf7210 GCTaskThread "GC Thread#7" [stack: 0x0000001224c00000,0x0000001224d00000] [id=33916]
  0x00000118bdaf74c0 GCTaskThread "GC Thread#8" [stack: 0x0000001224d00000,0x0000001224e00000] [id=11608]
  0x00000118be752220 GCTaskThread "GC Thread#9" [stack: 0x0000001224e00000,0x0000001224f00000] [id=38172]
  0x00000118ffadc5d0 ConcurrentGCThread "G1 Main Marker" [stack: 0x0000001223300000,0x0000001223400000] [id=56936]
  0x00000118ffade910 ConcurrentGCThread "G1 Conc#0" [stack: 0x0000001223400000,0x0000001223500000] [id=37796]
  0x00000118c1dec160 ConcurrentGCThread "G1 Conc#1" [stack: 0x0000001224400000,0x0000001224500000] [id=23272]
  0x00000118c1dec6c0 ConcurrentGCThread "G1 Conc#2" [stack: 0x0000001225b00000,0x0000001225c00000] [id=36004]
  0x00000118bd1ba020 ConcurrentGCThread "G1 Refine#0" [stack: 0x0000001223500000,0x0000001223600000] [id=35056]
  0x00000118be567eb0 ConcurrentGCThread "G1 Refine#1" [stack: 0x0000001226200000,0x0000001226300000] [id=27868]
  0x00000118be96b1f0 ConcurrentGCThread "G1 Refine#2" [stack: 0x0000001226300000,0x0000001226400000] [id=33260]
  0x00000118bf89d2b0 ConcurrentGCThread "G1 Refine#3" [stack: 0x0000001226400000,0x0000001226500000] [id=3900]
  0x00000118c0d63250 ConcurrentGCThread "G1 Refine#4" [stack: 0x0000001226900000,0x0000001226a00000] [id=52420]
  0x00000118c0d626d0 ConcurrentGCThread "G1 Refine#5" [stack: 0x0000001226a00000,0x0000001226b00000] [id=52824]
  0x00000118c0d63530 ConcurrentGCThread "G1 Refine#6" [stack: 0x0000001226b00000,0x0000001226c00000] [id=1952]
  0x00000118c0d63af0 ConcurrentGCThread "G1 Refine#7" [stack: 0x0000001226c00000,0x0000001226d00000] [id=49672]
  0x00000118cdad5510 ConcurrentGCThread "G1 Refine#8" [stack: 0x0000001226d00000,0x0000001226e00000] [id=13668]
  0x00000118d5d387e0 ConcurrentGCThread "G1 Refine#9" [stack: 0x0000001233d00000,0x0000001233e00000] [id=36128]
  0x00000118bd1ba300 ConcurrentGCThread "G1 Service" [stack: 0x0000001223600000,0x0000001223700000] [id=56084]

Threads with active compile tasks:
C2 CompilerThread0  4201667 94300       4       org.jetbrains.kotlin.fir.resolve.calls.tower.FirTowerResolveTask::runResolverForExpressionReceiver (2386 bytes)
C2 CompilerThread1  4201667 94259       4       org.jetbrains.kotlin.fir.resolve.calls.FirCallResolver$$Lambda$10214/0x0000000803af0688::invoke (28 bytes)
C2 CompilerThread2  4201667 94287       4       org.jetbrains.kotlin.analysis.low.level.api.fir.element.builder.FirElementBuilder::getOrBuildFirFor (40 bytes)

VM state: not at safepoint (normal execution)

VM Mutex/Monitor currently owned by a thread: None

Heap address: 0x0000000600000000, size: 8192 MB, Compressed Oops mode: Zero based, Oop shift amount: 3

CDS archive(s) mapped at: [0x0000000800000000-0x0000000800bc0000-0x0000000800bc0000), size 12320768, SharedBaseAddress: 0x0000000800000000, ArchiveRelocationMode: 0.
Compressed class space mapped at: 0x0000000800c00000-0x0000000840c00000, reserved size: 1073741824
Narrow klass base: 0x0000000800000000, Narrow klass shift: 0, Narrow klass range: 0x100000000

GC Precious Log:
 CPUs: 12 total, 12 available
 Memory: 40641M
 Large Page Support: Disabled
 NUMA Support: Disabled
 Compressed Oops: Enabled (Zero based)
 Heap Region Size: 4M
 Heap Min Capacity: 8M
 Heap Initial Capacity: 636M
 Heap Max Capacity: 8G
 Pre-touch: Disabled
 Parallel Workers: 10
 Concurrent Workers: 3
 Concurrent Refinement Workers: 10
 Periodic GC: Disabled

Heap:
 garbage-first heap   total 3928064K, used 1823845K [0x0000000600000000, 0x0000000800000000)
  region size 4096K, 84 young (344064K), 26 survivors (106496K)
 Metaspace       used 387985K, committed 391808K, reserved 1392640K
  class space    used 48233K, committed 50240K, reserved 1048576K

Heap Regions: E=young(eden), S=young(survivor), O=old, HS=humongous(starts), HC=humongous(continues), CS=collection set, F=free, OA=open archive, CA=closed archive, TAMS=top-at-mark-start (previous, next)
|   0|0x0000000600000000, 0x0000000600400000, 0x0000000600400000|100%|HS|  |TAMS 0x0000000600400000, 0x0000000600000000| Complete 
|   1|0x0000000600400000, 0x00000006007b0e40, 0x0000000600800000| 92%| O|  |TAMS 0x00000006007b0e40, 0x0000000600400000| Untracked 
|   2|0x0000000600800000, 0x0000000600bffff8, 0x0000000600c00000| 99%| O|  |TAMS 0x0000000600bffff8, 0x0000000600800000| Untracked 
|   3|0x0000000600c00000, 0x0000000601000000, 0x0000000601000000|100%| O|  |TAMS 0x0000000601000000, 0x0000000600c00000| Untracked 
|   4|0x0000000601000000, 0x00000006013fffe0, 0x0000000601400000| 99%| O|  |TAMS 0x00000006013fffe0, 0x0000000601000000| Untracked 
|   5|0x0000000601400000, 0x00000006017fe1a8, 0x0000000601800000| 99%| O|  |TAMS 0x00000006017fe1a8, 0x0000000601400000| Untracked 
|   6|0x0000000601800000, 0x0000000601c00000, 0x0000000601c00000|100%| O|  |TAMS 0x0000000601c00000, 0x0000000601800000| Untracked 
|   7|0x0000000601c00000, 0x0000000601ffffb8, 0x0000000602000000| 99%| O|  |TAMS 0x0000000601ffffb8, 0x0000000601c00000| Untracked 
|   8|0x0000000602000000, 0x00000006023ffff0, 0x0000000602400000| 99%| O|  |TAMS 0x00000006023ffff0, 0x0000000602000000| Untracked 
|   9|0x0000000602400000, 0x00000006027fffa8, 0x0000000602800000| 99%| O|  |TAMS 0x00000006027fffa8, 0x0000000602400000| Untracked 
|  10|0x0000000602800000, 0x0000000602b71e30, 0x0000000602c00000| 86%| O|  |TAMS 0x0000000602b71e30, 0x0000000602800000| Untracked 
|  11|0x0000000602c00000, 0x0000000602fffff8, 0x0000000603000000| 99%| O|  |TAMS 0x0000000602fffff8, 0x0000000602c00000| Untracked 
|  12|0x0000000603000000, 0x00000006033fffb8, 0x0000000603400000| 99%| O|  |TAMS 0x00000006033fffb8, 0x0000000603000000| Untracked 
|  13|0x0000000603400000, 0x00000006037fffe0, 0x0000000603800000| 99%| O|  |TAMS 0x00000006037fffe0, 0x0000000603400000| Untracked 
|  14|0x0000000603800000, 0x0000000603b71cf0, 0x0000000603c00000| 86%| O|  |TAMS 0x0000000603b71cf0, 0x0000000603800000| Untracked 
|  15|0x0000000603c00000, 0x0000000604000000, 0x0000000604000000|100%| O|  |TAMS 0x0000000604000000, 0x0000000603c00000| Untracked 
|  16|0x0000000604000000, 0x0000000604400000, 0x0000000604400000|100%| O|  |TAMS 0x0000000604400000, 0x0000000604000000| Untracked 
|  17|0x0000000604400000, 0x00000006047ffff0, 0x0000000604800000| 99%| O|  |TAMS 0x00000006047ffff0, 0x0000000604400000| Untracked 
|  18|0x0000000604800000, 0x0000000604bffff0, 0x0000000604c00000| 99%| O|  |TAMS 0x0000000604bffff0, 0x0000000604800000| Untracked 
|  19|0x0000000604c00000, 0x0000000605000000, 0x0000000605000000|100%| O|  |TAMS 0x0000000604c00000, 0x0000000604c00000| Untracked 
|  20|0x0000000605000000, 0x00000006053ffff0, 0x0000000605400000| 99%| O|  |TAMS 0x00000006053ffff0, 0x0000000605000000| Untracked 
|  21|0x0000000605400000, 0x0000000605770f08, 0x0000000605800000| 86%| O|  |TAMS 0x0000000605770f08, 0x0000000605400000| Untracked 
|  22|0x0000000605800000, 0x0000000605bffff8, 0x0000000605c00000| 99%| O|  |TAMS 0x0000000605bffff8, 0x0000000605800000| Untracked 
|  23|0x0000000605c00000, 0x0000000605f187e8, 0x0000000606000000| 77%| O|  |TAMS 0x0000000605f187e8, 0x0000000605c00000| Untracked 
|  24|0x0000000606000000, 0x00000006063ffff8, 0x0000000606400000| 99%| O|  |TAMS 0x00000006063ffff8, 0x0000000606000000| Untracked 
|  25|0x0000000606400000, 0x0000000606800000, 0x0000000606800000|100%|HS|  |TAMS 0x0000000606800000, 0x0000000606400000| Complete 
|  26|0x0000000606800000, 0x0000000606bffff8, 0x0000000606c00000| 99%| O|  |TAMS 0x0000000606bffff8, 0x0000000606800000| Untracked 
|  27|0x0000000606c00000, 0x0000000607000000, 0x0000000607000000|100%| O|  |TAMS 0x0000000607000000, 0x0000000606c00000| Untracked 
|  28|0x0000000607000000, 0x000000060739e9e0, 0x0000000607400000| 90%| O|  |TAMS 0x000000060739e9e0, 0x0000000607000000| Untracked 
|  29|0x0000000607400000, 0x00000006076e0600, 0x0000000607800000| 71%| O|  |TAMS 0x00000006076e0600, 0x0000000607400000| Untracked 
|  30|0x0000000607800000, 0x0000000607c00000, 0x0000000607c00000|100%| O|  |TAMS 0x0000000607800000, 0x0000000607800000| Untracked 
|  31|0x0000000607c00000, 0x0000000608000000, 0x0000000608000000|100%| O|  |TAMS 0x0000000608000000, 0x0000000607c00000| Untracked 
|  32|0x0000000608000000, 0x0000000608400000, 0x0000000608400000|100%| O|  |TAMS 0x0000000608400000, 0x0000000608000000| Untracked 
|  33|0x0000000608400000, 0x00000006087ca2e0, 0x0000000608800000| 94%| O|  |TAMS 0x00000006087ca2e0, 0x0000000608400000| Untracked 
|  34|0x0000000608800000, 0x0000000608c00000, 0x0000000608c00000|100%| O|  |TAMS 0x0000000608800000, 0x0000000608800000| Untracked 
|  35|0x0000000608c00000, 0x0000000608ffffe0, 0x0000000609000000| 99%| O|  |TAMS 0x0000000608ffffe0, 0x0000000608c00000| Untracked 
|  36|0x0000000609000000, 0x0000000609400000, 0x0000000609400000|100%| O|  |TAMS 0x0000000609400000, 0x0000000609000000| Untracked 
|  37|0x0000000609400000, 0x00000006096d7200, 0x0000000609800000| 71%| O|  |TAMS 0x00000006096d7200, 0x0000000609400000| Untracked 
|  38|0x0000000609800000, 0x0000000609c00000, 0x0000000609c00000|100%| O|  |TAMS 0x0000000609800000, 0x0000000609800000| Untracked 
|  39|0x0000000609c00000, 0x000000060a000000, 0x000000060a000000|100%| O|  |TAMS 0x0000000609c00000, 0x0000000609c00000| Untracked 
|  40|0x000000060a000000, 0x000000060a400000, 0x000000060a400000|100%| O|  |TAMS 0x000000060a000000, 0x000000060a000000| Untracked 
|  41|0x000000060a400000, 0x000000060a800000, 0x000000060a800000|100%| O|  |TAMS 0x000000060a400000, 0x000000060a400000| Untracked 
|  42|0x000000060a800000, 0x000000060ac00000, 0x000000060ac00000|100%| O|  |TAMS 0x000000060a800000, 0x000000060a800000| Untracked 
|  43|0x000000060ac00000, 0x000000060b000000, 0x000000060b000000|100%| O|  |TAMS 0x000000060ac00000, 0x000000060ac00000| Untracked 
|  44|0x000000060b000000, 0x000000060b400000, 0x000000060b400000|100%| O|  |TAMS 0x000000060b400000, 0x000000060b000000| Untracked 
|  45|0x000000060b400000, 0x000000060b7fffb8, 0x000000060b800000| 99%| O|  |TAMS 0x000000060b7fffb8, 0x000000060b400000| Untracked 
|  46|0x000000060b800000, 0x000000060bc00000, 0x000000060bc00000|100%| O|  |TAMS 0x000000060b800000, 0x000000060b800000| Untracked 
|  47|0x000000060bc00000, 0x000000060c000000, 0x000000060c000000|100%| O|  |TAMS 0x000000060bc00000, 0x000000060bc00000| Untracked 
|  48|0x000000060c000000, 0x000000060c400000, 0x000000060c400000|100%| O|  |TAMS 0x000000060c000000, 0x000000060c000000| Untracked 
|  49|0x000000060c400000, 0x000000060c800000, 0x000000060c800000|100%| O|  |TAMS 0x000000060c800000, 0x000000060c400000| Untracked 
|  50|0x000000060c800000, 0x000000060cc00000, 0x000000060cc00000|100%| O|  |TAMS 0x000000060cc00000, 0x000000060c800000| Untracked 
|  51|0x000000060cc00000, 0x000000060d000000, 0x000000060d000000|100%| O|  |TAMS 0x000000060cc00000, 0x000000060cc00000| Untracked 
|  52|0x000000060d000000, 0x000000060d400000, 0x000000060d400000|100%| O|  |TAMS 0x000000060d000000, 0x000000060d000000| Untracked 
|  53|0x000000060d400000, 0x000000060d800000, 0x000000060d800000|100%| O|  |TAMS 0x000000060d800000, 0x000000060d400000| Untracked 
|  54|0x000000060d800000, 0x000000060dbffff8, 0x000000060dc00000| 99%| O|  |TAMS 0x000000060dbffff8, 0x000000060d800000| Untracked 
|  55|0x000000060dc00000, 0x000000060e000000, 0x000000060e000000|100%| O|  |TAMS 0x000000060e000000, 0x000000060dc00000| Untracked 
|  56|0x000000060e000000, 0x000000060e3fffa8, 0x000000060e400000| 99%| O|  |TAMS 0x000000060e3fffa8, 0x000000060e000000| Untracked 
|  57|0x000000060e400000, 0x000000060e800000, 0x000000060e800000|100%| O|  |TAMS 0x000000060e400000, 0x000000060e400000| Untracked 
|  58|0x000000060e800000, 0x000000060ec00000, 0x000000060ec00000|100%| O|  |TAMS 0x000000060ec00000, 0x000000060e800000| Untracked 
|  59|0x000000060ec00000, 0x000000060f000000, 0x000000060f000000|100%| O|  |TAMS 0x000000060f000000, 0x000000060ec00000| Untracked 
|  60|0x000000060f000000, 0x000000060f400000, 0x000000060f400000|100%| O|  |TAMS 0x000000060f400000, 0x000000060f000000| Untracked 
|  61|0x000000060f400000, 0x000000060f800000, 0x000000060f800000|100%| O|  |TAMS 0x000000060f800000, 0x000000060f400000| Untracked 
|  62|0x000000060f800000, 0x000000060fc00000, 0x000000060fc00000|100%| O|  |TAMS 0x000000060f800000, 0x000000060f800000| Untracked 
|  63|0x000000060fc00000, 0x0000000610000000, 0x0000000610000000|100%| O|  |TAMS 0x000000060fc00000, 0x000000060fc00000| Untracked 
|  64|0x0000000610000000, 0x0000000610400000, 0x0000000610400000|100%| O|  |TAMS 0x0000000610000000, 0x0000000610000000| Untracked 
|  65|0x0000000610400000, 0x0000000610800000, 0x0000000610800000|100%| O|  |TAMS 0x0000000610800000, 0x0000000610400000| Untracked 
|  66|0x0000000610800000, 0x0000000610c00000, 0x0000000610c00000|100%| O|  |TAMS 0x0000000610800000, 0x0000000610800000| Untracked 
|  67|0x0000000610c00000, 0x0000000611000000, 0x0000000611000000|100%| O|  |TAMS 0x0000000610c00000, 0x0000000610c00000| Untracked 
|  68|0x0000000611000000, 0x0000000611400000, 0x0000000611400000|100%| O|  |TAMS 0x0000000611000000, 0x0000000611000000| Untracked 
|  69|0x0000000611400000, 0x0000000611800000, 0x0000000611800000|100%| O|  |TAMS 0x0000000611400000, 0x0000000611400000| Untracked 
|  70|0x0000000611800000, 0x0000000611c00000, 0x0000000611c00000|100%| O|  |TAMS 0x0000000611c00000, 0x0000000611800000| Untracked 
|  71|0x0000000611c00000, 0x0000000611ffbc50, 0x0000000612000000| 99%| O|  |TAMS 0x0000000611ffbc50, 0x0000000611c00000| Untracked 
|  72|0x0000000612000000, 0x0000000612400000, 0x0000000612400000|100%| O|  |TAMS 0x0000000612400000, 0x0000000612000000| Untracked 
|  73|0x0000000612400000, 0x0000000612800000, 0x0000000612800000|100%| O|  |TAMS 0x0000000612400000, 0x0000000612400000| Untracked 
|  74|0x0000000612800000, 0x0000000612c00000, 0x0000000612c00000|100%| O|  |TAMS 0x0000000612800000, 0x0000000612800000| Untracked 
|  75|0x0000000612c00000, 0x0000000613000000, 0x0000000613000000|100%| O|  |TAMS 0x0000000612c00000, 0x0000000612c00000| Untracked 
|  76|0x0000000613000000, 0x0000000613400000, 0x0000000613400000|100%| O|  |TAMS 0x0000000613400000, 0x0000000613000000| Untracked 
|  77|0x0000000613400000, 0x0000000613800000, 0x0000000613800000|100%| O|  |TAMS 0x0000000613800000, 0x0000000613400000| Untracked 
|  78|0x0000000613800000, 0x0000000613c00000, 0x0000000613c00000|100%| O|  |TAMS 0x0000000613800000, 0x0000000613800000| Untracked 
|  79|0x0000000613c00000, 0x0000000614000000, 0x0000000614000000|100%| O|  |TAMS 0x0000000613c00000, 0x0000000613c00000| Untracked 
|  80|0x0000000614000000, 0x0000000614400000, 0x0000000614400000|100%| O|  |TAMS 0x0000000614400000, 0x0000000614000000| Untracked 
|  81|0x0000000614400000, 0x0000000614800000, 0x0000000614800000|100%| O|  |TAMS 0x0000000614400000, 0x0000000614400000| Untracked 
|  82|0x0000000614800000, 0x0000000614c00000, 0x0000000614c00000|100%| O|  |TAMS 0x0000000614800000, 0x0000000614800000| Untracked 
|  83|0x0000000614c00000, 0x0000000615000000, 0x0000000615000000|100%| O|  |TAMS 0x0000000614c00000, 0x0000000614c00000| Untracked 
|  84|0x0000000615000000, 0x0000000615400000, 0x0000000615400000|100%| O|  |TAMS 0x0000000615000000, 0x0000000615000000| Untracked 
|  85|0x0000000615400000, 0x0000000615800000, 0x0000000615800000|100%|HS|  |TAMS 0x0000000615400000, 0x0000000615400000| Complete 
|  86|0x0000000615800000, 0x0000000615c00000, 0x0000000615c00000|100%|HS|  |TAMS 0x0000000615800000, 0x0000000615800000| Complete 
|  87|0x0000000615c00000, 0x0000000616000000, 0x0000000616000000|100%| O|  |TAMS 0x0000000615c00000, 0x0000000615c00000| Untracked 
|  88|0x0000000616000000, 0x0000000616400000, 0x0000000616400000|100%| O|  |TAMS 0x0000000616000000, 0x0000000616000000| Untracked 
|  89|0x0000000616400000, 0x0000000616800000, 0x0000000616800000|100%|HS|  |TAMS 0x0000000616800000, 0x0000000616400000| Complete 
|  90|0x0000000616800000, 0x0000000616c00000, 0x0000000616c00000|100%| O|  |TAMS 0x0000000616800000, 0x0000000616800000| Untracked 
|  91|0x0000000616c00000, 0x0000000617000000, 0x0000000617000000|100%| O|  |TAMS 0x0000000616c00000, 0x0000000616c00000| Untracked 
|  92|0x0000000617000000, 0x0000000617400000, 0x0000000617400000|100%| O|  |TAMS 0x0000000617000000, 0x0000000617000000| Untracked 
|  93|0x0000000617400000, 0x0000000617800000, 0x0000000617800000|100%| O|  |TAMS 0x0000000617800000, 0x0000000617400000| Untracked 
|  94|0x0000000617800000, 0x0000000617c00000, 0x0000000617c00000|100%| O|  |TAMS 0x0000000617c00000, 0x0000000617800000| Untracked 
|  95|0x0000000617c00000, 0x0000000618000000, 0x0000000618000000|100%| O|  |TAMS 0x0000000617c00000, 0x0000000617c00000| Untracked 
|  96|0x0000000618000000, 0x0000000618400000, 0x0000000618400000|100%| O|  |TAMS 0x0000000618000000, 0x0000000618000000| Untracked 
|  97|0x0000000618400000, 0x0000000618800000, 0x0000000618800000|100%| O|  |TAMS 0x0000000618800000, 0x0000000618400000| Untracked 
|  98|0x0000000618800000, 0x0000000618c00000, 0x0000000618c00000|100%| O|  |TAMS 0x0000000618c00000, 0x0000000618800000| Untracked 
|  99|0x0000000618c00000, 0x0000000619000000, 0x0000000619000000|100%| O|  |TAMS 0x0000000619000000, 0x0000000618c00000| Untracked 
| 100|0x0000000619000000, 0x0000000619400000, 0x0000000619400000|100%| O|  |TAMS 0x0000000619000000, 0x0000000619000000| Untracked 
| 101|0x0000000619400000, 0x0000000619800000, 0x0000000619800000|100%| O|  |TAMS 0x0000000619400000, 0x0000000619400000| Untracked 
| 102|0x0000000619800000, 0x0000000619c00000, 0x0000000619c00000|100%| O|  |TAMS 0x0000000619800000, 0x0000000619800000| Untracked 
| 103|0x0000000619c00000, 0x000000061a000000, 0x000000061a000000|100%| O|  |TAMS 0x0000000619c00000, 0x0000000619c00000| Untracked 
| 104|0x000000061a000000, 0x000000061a400000, 0x000000061a400000|100%| O|  |TAMS 0x000000061a000000, 0x000000061a000000| Untracked 
| 105|0x000000061a400000, 0x000000061a800000, 0x000000061a800000|100%| O|  |TAMS 0x000000061a400000, 0x000000061a400000| Untracked 
| 106|0x000000061a800000, 0x000000061ac00000, 0x000000061ac00000|100%| O|  |TAMS 0x000000061a800000, 0x000000061a800000| Untracked 
| 107|0x000000061ac00000, 0x000000061b000000, 0x000000061b000000|100%| O|  |TAMS 0x000000061ac00000, 0x000000061ac00000| Untracked 
| 108|0x000000061b000000, 0x000000061b400000, 0x000000061b400000|100%| O|  |TAMS 0x000000061b400000, 0x000000061b000000| Untracked 
| 109|0x000000061b400000, 0x000000061b800000, 0x000000061b800000|100%| O|  |TAMS 0x000000061b800000, 0x000000061b400000| Untracked 
| 110|0x000000061b800000, 0x000000061bc00000, 0x000000061bc00000|100%| O|  |TAMS 0x000000061bc00000, 0x000000061b800000| Untracked 
| 111|0x000000061bc00000, 0x000000061c000000, 0x000000061c000000|100%| O|  |TAMS 0x000000061c000000, 0x000000061bc00000| Untracked 
| 112|0x000000061c000000, 0x000000061c400000, 0x000000061c400000|100%| O|  |TAMS 0x000000061c400000, 0x000000061c000000| Untracked 
| 113|0x000000061c400000, 0x000000061c800000, 0x000000061c800000|100%| O|  |TAMS 0x000000061c800000, 0x000000061c400000| Untracked 
| 114|0x000000061c800000, 0x000000061cc00000, 0x000000061cc00000|100%| O|  |TAMS 0x000000061cc00000, 0x000000061c800000| Untracked 
| 115|0x000000061cc00000, 0x000000061d000000, 0x000000061d000000|100%| O|  |TAMS 0x000000061d000000, 0x000000061cc00000| Untracked 
| 116|0x000000061d000000, 0x000000061d400000, 0x000000061d400000|100%| O|  |TAMS 0x000000061d400000, 0x000000061d000000| Untracked 
| 117|0x000000061d400000, 0x000000061d800000, 0x000000061d800000|100%| O|  |TAMS 0x000000061d400000, 0x000000061d400000| Untracked 
| 118|0x000000061d800000, 0x000000061dc00000, 0x000000061dc00000|100%| O|  |TAMS 0x000000061d800000, 0x000000061d800000| Untracked 
| 119|0x000000061dc00000, 0x000000061e000000, 0x000000061e000000|100%| O|  |TAMS 0x000000061dc00000, 0x000000061dc00000| Untracked 
| 120|0x000000061e000000, 0x000000061e400000, 0x000000061e400000|100%| O|  |TAMS 0x000000061e000000, 0x000000061e000000| Untracked 
| 121|0x000000061e400000, 0x000000061e800000, 0x000000061e800000|100%| O|  |TAMS 0x000000061e400000, 0x000000061e400000| Untracked 
| 122|0x000000061e800000, 0x000000061ec00000, 0x000000061ec00000|100%| O|  |TAMS 0x000000061e800000, 0x000000061e800000| Untracked 
| 123|0x000000061ec00000, 0x000000061f000000, 0x000000061f000000|100%| O|  |TAMS 0x000000061ec00000, 0x000000061ec00000| Untracked 
| 124|0x000000061f000000, 0x000000061f400000, 0x000000061f400000|100%| O|  |TAMS 0x000000061f000000, 0x000000061f000000| Untracked 
| 125|0x000000061f400000, 0x000000061f800000, 0x000000061f800000|100%| O|  |TAMS 0x000000061f400000, 0x000000061f400000| Untracked 
| 126|0x000000061f800000, 0x000000061fc00000, 0x000000061fc00000|100%| O|  |TAMS 0x000000061f800000, 0x000000061f800000| Untracked 
| 127|0x000000061fc00000, 0x0000000620000000, 0x0000000620000000|100%| O|  |TAMS 0x000000061fc00000, 0x000000061fc00000| Untracked 
| 128|0x0000000620000000, 0x0000000620400000, 0x0000000620400000|100%| O|  |TAMS 0x0000000620000000, 0x0000000620000000| Untracked 
| 129|0x0000000620400000, 0x0000000620800000, 0x0000000620800000|100%| O|  |TAMS 0x0000000620400000, 0x0000000620400000| Untracked 
| 130|0x0000000620800000, 0x0000000620c00000, 0x0000000620c00000|100%| O|  |TAMS 0x0000000620800000, 0x0000000620800000| Untracked 
| 131|0x0000000620c00000, 0x0000000621000000, 0x0000000621000000|100%| O|  |TAMS 0x0000000620c00000, 0x0000000620c00000| Untracked 
| 132|0x0000000621000000, 0x0000000621400000, 0x0000000621400000|100%| O|  |TAMS 0x0000000621000000, 0x0000000621000000| Untracked 
| 133|0x0000000621400000, 0x0000000621800000, 0x0000000621800000|100%| O|  |TAMS 0x0000000621400000, 0x0000000621400000| Untracked 
| 134|0x0000000621800000, 0x0000000621c00000, 0x0000000621c00000|100%| O|  |TAMS 0x0000000621800000, 0x0000000621800000| Untracked 
| 135|0x0000000621c00000, 0x0000000622000000, 0x0000000622000000|100%| O|  |TAMS 0x0000000621c00000, 0x0000000621c00000| Untracked 
| 136|0x0000000622000000, 0x0000000622400000, 0x0000000622400000|100%| O|  |TAMS 0x0000000622000000, 0x0000000622000000| Untracked 
| 137|0x0000000622400000, 0x0000000622800000, 0x0000000622800000|100%| O|  |TAMS 0x0000000622400000, 0x0000000622400000| Untracked 
| 138|0x0000000622800000, 0x0000000622c00000, 0x0000000622c00000|100%| O|  |TAMS 0x0000000622800000, 0x0000000622800000| Untracked 
| 139|0x0000000622c00000, 0x0000000623000000, 0x0000000623000000|100%| O|  |TAMS 0x0000000622c00000, 0x0000000622c00000| Untracked 
| 140|0x0000000623000000, 0x0000000623400000, 0x0000000623400000|100%| O|  |TAMS 0x0000000623000000, 0x0000000623000000| Untracked 
| 141|0x0000000623400000, 0x0000000623800000, 0x0000000623800000|100%| O|  |TAMS 0x0000000623400000, 0x0000000623400000| Untracked 
| 142|0x0000000623800000, 0x0000000623c00000, 0x0000000623c00000|100%| O|  |TAMS 0x0000000623800000, 0x0000000623800000| Untracked 
| 143|0x0000000623c00000, 0x0000000624000000, 0x0000000624000000|100%| O|  |TAMS 0x0000000623c00000, 0x0000000623c00000| Untracked 
| 144|0x0000000624000000, 0x0000000624400000, 0x0000000624400000|100%| O|  |TAMS 0x0000000624000000, 0x0000000624000000| Untracked 
| 145|0x0000000624400000, 0x0000000624800000, 0x0000000624800000|100%| O|  |TAMS 0x0000000624800000, 0x0000000624400000| Untracked 
| 146|0x0000000624800000, 0x0000000624c00000, 0x0000000624c00000|100%| O|  |TAMS 0x0000000624800000, 0x0000000624800000| Untracked 
| 147|0x0000000624c00000, 0x0000000625000000, 0x0000000625000000|100%| O|  |TAMS 0x0000000624c00000, 0x0000000624c00000| Untracked 
| 148|0x0000000625000000, 0x0000000625400000, 0x0000000625400000|100%| O|  |TAMS 0x0000000625000000, 0x0000000625000000| Untracked 
| 149|0x0000000625400000, 0x0000000625800000, 0x0000000625800000|100%| O|  |TAMS 0x0000000625400000, 0x0000000625400000| Untracked 
| 150|0x0000000625800000, 0x0000000625c00000, 0x0000000625c00000|100%| O|  |TAMS 0x0000000625800000, 0x0000000625800000| Untracked 
| 151|0x0000000625c00000, 0x0000000626000000, 0x0000000626000000|100%| O|  |TAMS 0x0000000625c00000, 0x0000000625c00000| Untracked 
| 152|0x0000000626000000, 0x0000000626400000, 0x0000000626400000|100%| O|  |TAMS 0x0000000626000000, 0x0000000626000000| Untracked 
| 153|0x0000000626400000, 0x0000000626800000, 0x0000000626800000|100%| O|  |TAMS 0x0000000626400000, 0x0000000626400000| Untracked 
| 154|0x0000000626800000, 0x0000000626c00000, 0x0000000626c00000|100%| O|  |TAMS 0x0000000626800000, 0x0000000626800000| Untracked 
| 155|0x0000000626c00000, 0x0000000627000000, 0x0000000627000000|100%| O|  |TAMS 0x0000000626c00000, 0x0000000626c00000| Untracked 
| 156|0x0000000627000000, 0x0000000627400000, 0x0000000627400000|100%| O|  |TAMS 0x0000000627000000, 0x0000000627000000| Untracked 
| 157|0x0000000627400000, 0x0000000627800000, 0x0000000627800000|100%| O|  |TAMS 0x0000000627400000, 0x0000000627400000| Untracked 
| 158|0x0000000627800000, 0x0000000627c00000, 0x0000000627c00000|100%| O|  |TAMS 0x0000000627800000, 0x0000000627800000| Untracked 
| 159|0x0000000627c00000, 0x0000000628000000, 0x0000000628000000|100%| O|  |TAMS 0x0000000627c00000, 0x0000000627c00000| Untracked 
| 160|0x0000000628000000, 0x0000000628400000, 0x0000000628400000|100%| O|  |TAMS 0x0000000628000000, 0x0000000628000000| Untracked 
| 161|0x0000000628400000, 0x0000000628800000, 0x0000000628800000|100%| O|  |TAMS 0x0000000628400000, 0x0000000628400000| Untracked 
| 162|0x0000000628800000, 0x0000000628c00000, 0x0000000628c00000|100%| O|  |TAMS 0x0000000628800000, 0x0000000628800000| Untracked 
| 163|0x0000000628c00000, 0x0000000629000000, 0x0000000629000000|100%| O|  |TAMS 0x0000000628c00000, 0x0000000628c00000| Untracked 
| 164|0x0000000629000000, 0x0000000629400000, 0x0000000629400000|100%| O|  |TAMS 0x0000000629000000, 0x0000000629000000| Untracked 
| 165|0x0000000629400000, 0x0000000629800000, 0x0000000629800000|100%| O|  |TAMS 0x0000000629400000, 0x0000000629400000| Untracked 
| 166|0x0000000629800000, 0x0000000629c00000, 0x0000000629c00000|100%| O|  |TAMS 0x0000000629800000, 0x0000000629800000| Untracked 
| 167|0x0000000629c00000, 0x000000062a000000, 0x000000062a000000|100%| O|  |TAMS 0x0000000629c00000, 0x0000000629c00000| Untracked 
| 168|0x000000062a000000, 0x000000062a400000, 0x000000062a400000|100%| O|  |TAMS 0x000000062a000000, 0x000000062a000000| Untracked 
| 169|0x000000062a400000, 0x000000062a800000, 0x000000062a800000|100%| O|  |TAMS 0x000000062a400000, 0x000000062a400000| Untracked 
| 170|0x000000062a800000, 0x000000062ac00000, 0x000000062ac00000|100%| O|  |TAMS 0x000000062a800000, 0x000000062a800000| Untracked 
| 171|0x000000062ac00000, 0x000000062b000000, 0x000000062b000000|100%|HS|  |TAMS 0x000000062b000000, 0x000000062ac00000| Complete 
| 172|0x000000062b000000, 0x000000062b400000, 0x000000062b400000|100%|HC|  |TAMS 0x000000062b400000, 0x000000062b000000| Complete 
| 173|0x000000062b400000, 0x000000062b800000, 0x000000062b800000|100%| O|  |TAMS 0x000000062b400000, 0x000000062b400000| Untracked 
| 174|0x000000062b800000, 0x000000062bc00000, 0x000000062bc00000|100%| O|  |TAMS 0x000000062b800000, 0x000000062b800000| Untracked 
| 175|0x000000062bc00000, 0x000000062c000000, 0x000000062c000000|100%| O|  |TAMS 0x000000062bc00000, 0x000000062bc00000| Untracked 
| 176|0x000000062c000000, 0x000000062c400000, 0x000000062c400000|100%| O|  |TAMS 0x000000062c000000, 0x000000062c000000| Untracked 
| 177|0x000000062c400000, 0x000000062c800000, 0x000000062c800000|100%| O|  |TAMS 0x000000062c400000, 0x000000062c400000| Untracked 
| 178|0x000000062c800000, 0x000000062cc00000, 0x000000062cc00000|100%| O|  |TAMS 0x000000062c800000, 0x000000062c800000| Untracked 
| 179|0x000000062cc00000, 0x000000062d000000, 0x000000062d000000|100%| O|  |TAMS 0x000000062cc00000, 0x000000062cc00000| Untracked 
| 180|0x000000062d000000, 0x000000062d400000, 0x000000062d400000|100%| O|  |TAMS 0x000000062d000000, 0x000000062d000000| Untracked 
| 181|0x000000062d400000, 0x000000062d800000, 0x000000062d800000|100%| O|  |TAMS 0x000000062d400000, 0x000000062d400000| Untracked 
| 182|0x000000062d800000, 0x000000062dc00000, 0x000000062dc00000|100%| O|  |TAMS 0x000000062d800000, 0x000000062d800000| Untracked 
| 183|0x000000062dc00000, 0x000000062e000000, 0x000000062e000000|100%| O|  |TAMS 0x000000062dc00000, 0x000000062dc00000| Untracked 
| 184|0x000000062e000000, 0x000000062e400000, 0x000000062e400000|100%| O|  |TAMS 0x000000062e000000, 0x000000062e000000| Untracked 
| 185|0x000000062e400000, 0x000000062e800000, 0x000000062e800000|100%| O|  |TAMS 0x000000062e400000, 0x000000062e400000| Untracked 
| 186|0x000000062e800000, 0x000000062ec00000, 0x000000062ec00000|100%| O|  |TAMS 0x000000062e800000, 0x000000062e800000| Untracked 
| 187|0x000000062ec00000, 0x000000062f000000, 0x000000062f000000|100%| O|  |TAMS 0x000000062ec00000, 0x000000062ec00000| Untracked 
| 188|0x000000062f000000, 0x000000062f400000, 0x000000062f400000|100%| O|  |TAMS 0x000000062f000000, 0x000000062f000000| Untracked 
| 189|0x000000062f400000, 0x000000062f800000, 0x000000062f800000|100%| O|  |TAMS 0x000000062f400000, 0x000000062f400000| Untracked 
| 190|0x000000062f800000, 0x000000062fc00000, 0x000000062fc00000|100%| O|  |TAMS 0x000000062f800000, 0x000000062f800000| Untracked 
| 191|0x000000062fc00000, 0x0000000630000000, 0x0000000630000000|100%| O|  |TAMS 0x000000062fc00000, 0x000000062fc00000| Untracked 
| 192|0x0000000630000000, 0x0000000630400000, 0x0000000630400000|100%| O|  |TAMS 0x0000000630000000, 0x0000000630000000| Untracked 
| 193|0x0000000630400000, 0x0000000630800000, 0x0000000630800000|100%| O|  |TAMS 0x0000000630400000, 0x0000000630400000| Untracked 
| 194|0x0000000630800000, 0x0000000630c00000, 0x0000000630c00000|100%| O|  |TAMS 0x0000000630800000, 0x0000000630800000| Untracked 
| 195|0x0000000630c00000, 0x0000000631000000, 0x0000000631000000|100%| O|  |TAMS 0x0000000630c00000, 0x0000000630c00000| Untracked 
| 196|0x0000000631000000, 0x0000000631400000, 0x0000000631400000|100%| O|  |TAMS 0x0000000631000000, 0x0000000631000000| Untracked 
| 197|0x0000000631400000, 0x0000000631800000, 0x0000000631800000|100%| O|  |TAMS 0x0000000631400000, 0x0000000631400000| Untracked 
| 198|0x0000000631800000, 0x0000000631c00000, 0x0000000631c00000|100%| O|  |TAMS 0x0000000631800000, 0x0000000631800000| Untracked 
| 199|0x0000000631c00000, 0x0000000632000000, 0x0000000632000000|100%| O|  |TAMS 0x0000000631c00000, 0x0000000631c00000| Untracked 
| 200|0x0000000632000000, 0x0000000632400000, 0x0000000632400000|100%| O|  |TAMS 0x0000000632000000, 0x0000000632000000| Untracked 
| 201|0x0000000632400000, 0x0000000632800000, 0x0000000632800000|100%| O|  |TAMS 0x0000000632400000, 0x0000000632400000| Untracked 
| 202|0x0000000632800000, 0x0000000632c00000, 0x0000000632c00000|100%| O|  |TAMS 0x0000000632800000, 0x0000000632800000| Untracked 
| 203|0x0000000632c00000, 0x0000000633000000, 0x0000000633000000|100%| O|  |TAMS 0x0000000632c00000, 0x0000000632c00000| Untracked 
| 204|0x0000000633000000, 0x0000000633400000, 0x0000000633400000|100%| O|  |TAMS 0x0000000633000000, 0x0000000633000000| Untracked 
| 205|0x0000000633400000, 0x0000000633800000, 0x0000000633800000|100%| O|  |TAMS 0x0000000633400000, 0x0000000633400000| Untracked 
| 206|0x0000000633800000, 0x0000000633c00000, 0x0000000633c00000|100%| O|  |TAMS 0x0000000633800000, 0x0000000633800000| Untracked 
| 207|0x0000000633c00000, 0x0000000634000000, 0x0000000634000000|100%| O|  |TAMS 0x0000000633c00000, 0x0000000633c00000| Untracked 
| 208|0x0000000634000000, 0x0000000634400000, 0x0000000634400000|100%| O|  |TAMS 0x0000000634000000, 0x0000000634000000| Untracked 
| 209|0x0000000634400000, 0x0000000634800000, 0x0000000634800000|100%| O|  |TAMS 0x0000000634400000, 0x0000000634400000| Untracked 
| 210|0x0000000634800000, 0x0000000634c00000, 0x0000000634c00000|100%| O|  |TAMS 0x0000000634800000, 0x0000000634800000| Untracked 
| 211|0x0000000634c00000, 0x0000000635000000, 0x0000000635000000|100%| O|  |TAMS 0x0000000634c00000, 0x0000000634c00000| Untracked 
| 212|0x0000000635000000, 0x0000000635400000, 0x0000000635400000|100%| O|  |TAMS 0x0000000635000000, 0x0000000635000000| Untracked 
| 213|0x0000000635400000, 0x0000000635800000, 0x0000000635800000|100%|HS|  |TAMS 0x0000000635800000, 0x0000000635400000| Complete 
| 214|0x0000000635800000, 0x0000000635c00000, 0x0000000635c00000|100%| O|  |TAMS 0x0000000635800000, 0x0000000635800000| Untracked 
| 215|0x0000000635c00000, 0x0000000636000000, 0x0000000636000000|100%| O|  |TAMS 0x0000000635c00000, 0x0000000635c00000| Untracked 
| 216|0x0000000636000000, 0x0000000636400000, 0x0000000636400000|100%| O|  |TAMS 0x0000000636000000, 0x0000000636000000| Untracked 
| 217|0x0000000636400000, 0x0000000636800000, 0x0000000636800000|100%| O|  |TAMS 0x0000000636400000, 0x0000000636400000| Untracked 
| 218|0x0000000636800000, 0x0000000636c00000, 0x0000000636c00000|100%| O|  |TAMS 0x0000000636800000, 0x0000000636800000| Untracked 
| 219|0x0000000636c00000, 0x0000000637000000, 0x0000000637000000|100%| O|  |TAMS 0x0000000636c00000, 0x0000000636c00000| Untracked 
| 220|0x0000000637000000, 0x0000000637400000, 0x0000000637400000|100%| O|  |TAMS 0x0000000637000000, 0x0000000637000000| Untracked 
| 221|0x0000000637400000, 0x0000000637800000, 0x0000000637800000|100%| O|  |TAMS 0x0000000637400000, 0x0000000637400000| Untracked 
| 222|0x0000000637800000, 0x0000000637c00000, 0x0000000637c00000|100%| O|  |TAMS 0x0000000637800000, 0x0000000637800000| Untracked 
| 223|0x0000000637c00000, 0x0000000638000000, 0x0000000638000000|100%| O|  |TAMS 0x0000000637c00000, 0x0000000637c00000| Untracked 
| 224|0x0000000638000000, 0x0000000638400000, 0x0000000638400000|100%| O|  |TAMS 0x0000000638000000, 0x0000000638000000| Untracked 
| 225|0x0000000638400000, 0x0000000638800000, 0x0000000638800000|100%| O|  |TAMS 0x0000000638400000, 0x0000000638400000| Untracked 
| 226|0x0000000638800000, 0x0000000638c00000, 0x0000000638c00000|100%| O|  |TAMS 0x0000000638800000, 0x0000000638800000| Untracked 
| 227|0x0000000638c00000, 0x0000000639000000, 0x0000000639000000|100%| O|  |TAMS 0x0000000638c00000, 0x0000000638c00000| Untracked 
| 228|0x0000000639000000, 0x0000000639400000, 0x0000000639400000|100%| O|  |TAMS 0x0000000639400000, 0x0000000639000000| Untracked 
| 229|0x0000000639400000, 0x0000000639800000, 0x0000000639800000|100%| O|  |TAMS 0x0000000639400000, 0x0000000639400000| Untracked 
| 230|0x0000000639800000, 0x0000000639c00000, 0x0000000639c00000|100%| O|  |TAMS 0x0000000639c00000, 0x0000000639800000| Untracked 
| 231|0x0000000639c00000, 0x000000063a000000, 0x000000063a000000|100%| O|  |TAMS 0x0000000639c00000, 0x0000000639c00000| Untracked 
| 232|0x000000063a000000, 0x000000063a400000, 0x000000063a400000|100%| O|  |TAMS 0x000000063a000000, 0x000000063a000000| Untracked 
| 233|0x000000063a400000, 0x000000063a800000, 0x000000063a800000|100%| O|  |TAMS 0x000000063a400000, 0x000000063a400000| Untracked 
| 234|0x000000063a800000, 0x000000063ac00000, 0x000000063ac00000|100%| O|  |TAMS 0x000000063a800000, 0x000000063a800000| Untracked 
| 235|0x000000063ac00000, 0x000000063b000000, 0x000000063b000000|100%| O|  |TAMS 0x000000063ac00000, 0x000000063ac00000| Untracked 
| 236|0x000000063b000000, 0x000000063b400000, 0x000000063b400000|100%| O|  |TAMS 0x000000063b000000, 0x000000063b000000| Untracked 
| 237|0x000000063b400000, 0x000000063b800000, 0x000000063b800000|100%| O|  |TAMS 0x000000063b800000, 0x000000063b400000| Untracked 
| 238|0x000000063b800000, 0x000000063bc00000, 0x000000063bc00000|100%| O|  |TAMS 0x000000063bc00000, 0x000000063b800000| Untracked 
| 239|0x000000063bc00000, 0x000000063c000000, 0x000000063c000000|100%| O|  |TAMS 0x000000063c000000, 0x000000063bc00000| Untracked 
| 240|0x000000063c000000, 0x000000063c400000, 0x000000063c400000|100%| O|  |TAMS 0x000000063c000000, 0x000000063c000000| Untracked 
| 241|0x000000063c400000, 0x000000063c800000, 0x000000063c800000|100%| O|  |TAMS 0x000000063c400000, 0x000000063c400000| Untracked 
| 242|0x000000063c800000, 0x000000063cc00000, 0x000000063cc00000|100%| O|  |TAMS 0x000000063c800000, 0x000000063c800000| Untracked 
| 243|0x000000063cc00000, 0x000000063d000000, 0x000000063d000000|100%| O|  |TAMS 0x000000063cc00000, 0x000000063cc00000| Untracked 
| 244|0x000000063d000000, 0x000000063d400000, 0x000000063d400000|100%| O|  |TAMS 0x000000063d400000, 0x000000063d000000| Untracked 
| 245|0x000000063d400000, 0x000000063d800000, 0x000000063d800000|100%| O|  |TAMS 0x000000063d800000, 0x000000063d400000| Untracked 
| 246|0x000000063d800000, 0x000000063dc00000, 0x000000063dc00000|100%| O|  |TAMS 0x000000063d800000, 0x000000063d800000| Untracked 
| 247|0x000000063dc00000, 0x000000063e000000, 0x000000063e000000|100%| O|  |TAMS 0x000000063dc00000, 0x000000063dc00000| Untracked 
| 248|0x000000063e000000, 0x000000063e400000, 0x000000063e400000|100%| O|  |TAMS 0x000000063e000000, 0x000000063e000000| Untracked 
| 249|0x000000063e400000, 0x000000063e800000, 0x000000063e800000|100%| O|  |TAMS 0x000000063e400000, 0x000000063e400000| Untracked 
| 250|0x000000063e800000, 0x000000063ec00000, 0x000000063ec00000|100%| O|  |TAMS 0x000000063e800000, 0x000000063e800000| Untracked 
| 251|0x000000063ec00000, 0x000000063f000000, 0x000000063f000000|100%| O|  |TAMS 0x000000063ec00000, 0x000000063ec00000| Untracked 
| 252|0x000000063f000000, 0x000000063f400000, 0x000000063f400000|100%| O|  |TAMS 0x000000063f000000, 0x000000063f000000| Untracked 
| 253|0x000000063f400000, 0x000000063f800000, 0x000000063f800000|100%| O|  |TAMS 0x000000063f400000, 0x000000063f400000| Untracked 
| 254|0x000000063f800000, 0x000000063fc00000, 0x000000063fc00000|100%| O|  |TAMS 0x000000063fc00000, 0x000000063f800000| Untracked 
| 255|0x000000063fc00000, 0x0000000640000000, 0x0000000640000000|100%| O|  |TAMS 0x0000000640000000, 0x000000063fc00000| Untracked 
| 256|0x0000000640000000, 0x0000000640400000, 0x0000000640400000|100%| O|  |TAMS 0x0000000640400000, 0x0000000640000000| Untracked 
| 257|0x0000000640400000, 0x0000000640800000, 0x0000000640800000|100%| O|  |TAMS 0x0000000640800000, 0x0000000640400000| Untracked 
| 258|0x0000000640800000, 0x0000000640c00000, 0x0000000640c00000|100%| O|  |TAMS 0x0000000640800000, 0x0000000640800000| Untracked 
| 259|0x0000000640c00000, 0x0000000641000000, 0x0000000641000000|100%| O|  |TAMS 0x0000000640c00000, 0x0000000640c00000| Untracked 
| 260|0x0000000641000000, 0x0000000641400000, 0x0000000641400000|100%| O|  |TAMS 0x0000000641000000, 0x0000000641000000| Untracked 
| 261|0x0000000641400000, 0x0000000641800000, 0x0000000641800000|100%| O|  |TAMS 0x0000000641400000, 0x0000000641400000| Untracked 
| 262|0x0000000641800000, 0x0000000641c00000, 0x0000000641c00000|100%| O|  |TAMS 0x0000000641c00000, 0x0000000641800000| Untracked 
| 263|0x0000000641c00000, 0x0000000642000000, 0x0000000642000000|100%| O|  |TAMS 0x0000000641c00000, 0x0000000641c00000| Untracked 
| 264|0x0000000642000000, 0x0000000642400000, 0x0000000642400000|100%| O|  |TAMS 0x0000000642000000, 0x0000000642000000| Untracked 
| 265|0x0000000642400000, 0x0000000642800000, 0x0000000642800000|100%| O|  |TAMS 0x0000000642400000, 0x0000000642400000| Untracked 
| 266|0x0000000642800000, 0x0000000642c00000, 0x0000000642c00000|100%| O|  |TAMS 0x0000000642800000, 0x0000000642800000| Untracked 
| 267|0x0000000642c00000, 0x0000000643000000, 0x0000000643000000|100%| O|  |TAMS 0x0000000642c00000, 0x0000000642c00000| Untracked 
| 268|0x0000000643000000, 0x0000000643400000, 0x0000000643400000|100%| O|  |TAMS 0x0000000643000000, 0x0000000643000000| Untracked 
| 269|0x0000000643400000, 0x0000000643800000, 0x0000000643800000|100%| O|  |TAMS 0x0000000643400000, 0x0000000643400000| Untracked 
| 270|0x0000000643800000, 0x0000000643c00000, 0x0000000643c00000|100%| O|  |TAMS 0x0000000643800000, 0x0000000643800000| Untracked 
| 271|0x0000000643c00000, 0x0000000644000000, 0x0000000644000000|100%| O|  |TAMS 0x0000000643c00000, 0x0000000643c00000| Untracked 
| 272|0x0000000644000000, 0x0000000644400000, 0x0000000644400000|100%| O|  |TAMS 0x0000000644000000, 0x0000000644000000| Untracked 
| 273|0x0000000644400000, 0x0000000644800000, 0x0000000644800000|100%| O|  |TAMS 0x0000000644400000, 0x0000000644400000| Untracked 
| 274|0x0000000644800000, 0x0000000644c00000, 0x0000000644c00000|100%| O|  |TAMS 0x0000000644800000, 0x0000000644800000| Untracked 
| 275|0x0000000644c00000, 0x0000000645000000, 0x0000000645000000|100%| O|  |TAMS 0x0000000644c00000, 0x0000000644c00000| Untracked 
| 276|0x0000000645000000, 0x0000000645400000, 0x0000000645400000|100%| O|  |TAMS 0x0000000645000000, 0x0000000645000000| Untracked 
| 277|0x0000000645400000, 0x0000000645800000, 0x0000000645800000|100%| O|  |TAMS 0x0000000645400000, 0x0000000645400000| Untracked 
| 278|0x0000000645800000, 0x0000000645c00000, 0x0000000645c00000|100%| O|  |TAMS 0x0000000645800000, 0x0000000645800000| Untracked 
| 279|0x0000000645c00000, 0x0000000646000000, 0x0000000646000000|100%| O|  |TAMS 0x0000000645c00000, 0x0000000645c00000| Untracked 
| 280|0x0000000646000000, 0x0000000646400000, 0x0000000646400000|100%| O|  |TAMS 0x0000000646000000, 0x0000000646000000| Untracked 
| 281|0x0000000646400000, 0x0000000646800000, 0x0000000646800000|100%| O|  |TAMS 0x0000000646400000, 0x0000000646400000| Untracked 
| 282|0x0000000646800000, 0x0000000646c00000, 0x0000000646c00000|100%| O|  |TAMS 0x0000000646800000, 0x0000000646800000| Untracked 
| 283|0x0000000646c00000, 0x0000000647000000, 0x0000000647000000|100%| O|  |TAMS 0x0000000646c00000, 0x0000000646c00000| Untracked 
| 284|0x0000000647000000, 0x0000000647400000, 0x0000000647400000|100%| O|  |TAMS 0x0000000647000000, 0x0000000647000000| Untracked 
| 285|0x0000000647400000, 0x0000000647800000, 0x0000000647800000|100%| O|  |TAMS 0x0000000647800000, 0x0000000647400000| Untracked 
| 286|0x0000000647800000, 0x0000000647c00000, 0x0000000647c00000|100%| O|  |TAMS 0x0000000647c00000, 0x0000000647800000| Untracked 
| 287|0x0000000647c00000, 0x0000000648000000, 0x0000000648000000|100%| O|  |TAMS 0x0000000647c00000, 0x0000000647c00000| Untracked 
| 288|0x0000000648000000, 0x0000000648400000, 0x0000000648400000|100%| O|  |TAMS 0x0000000648000000, 0x0000000648000000| Untracked 
| 289|0x0000000648400000, 0x0000000648800000, 0x0000000648800000|100%| O|  |TAMS 0x0000000648400000, 0x0000000648400000| Untracked 
| 290|0x0000000648800000, 0x0000000648c00000, 0x0000000648c00000|100%| O|  |TAMS 0x0000000648800000, 0x0000000648800000| Untracked 
| 291|0x0000000648c00000, 0x0000000649000000, 0x0000000649000000|100%| O|  |TAMS 0x0000000648c00000, 0x0000000648c00000| Untracked 
| 292|0x0000000649000000, 0x0000000649400000, 0x0000000649400000|100%| O|  |TAMS 0x0000000649000000, 0x0000000649000000| Untracked 
| 293|0x0000000649400000, 0x0000000649800000, 0x0000000649800000|100%| O|  |TAMS 0x0000000649400000, 0x0000000649400000| Untracked 
| 294|0x0000000649800000, 0x00000006498e1400, 0x0000000649c00000| 21%| O|  |TAMS 0x0000000649800000, 0x0000000649800000| Untracked 
| 295|0x0000000649c00000, 0x0000000649c00000, 0x000000064a000000|  0%| F|  |TAMS 0x0000000649c00000, 0x0000000649c00000| Untracked 
| 296|0x000000064a000000, 0x000000064a000000, 0x000000064a400000|  0%| F|  |TAMS 0x000000064a000000, 0x000000064a000000| Untracked 
| 297|0x000000064a400000, 0x000000064a400000, 0x000000064a800000|  0%| F|  |TAMS 0x000000064a400000, 0x000000064a400000| Untracked 
| 298|0x000000064a800000, 0x000000064a800000, 0x000000064ac00000|  0%| F|  |TAMS 0x000000064a800000, 0x000000064a800000| Untracked 
| 299|0x000000064ac00000, 0x000000064ac00000, 0x000000064b000000|  0%| F|  |TAMS 0x000000064ac00000, 0x000000064ac00000| Untracked 
| 300|0x000000064b000000, 0x000000064b000000, 0x000000064b400000|  0%| F|  |TAMS 0x000000064b000000, 0x000000064b000000| Untracked 
| 301|0x000000064b400000, 0x000000064b400000, 0x000000064b800000|  0%| F|  |TAMS 0x000000064b400000, 0x000000064b400000| Untracked 
| 302|0x000000064b800000, 0x000000064b800000, 0x000000064bc00000|  0%| F|  |TAMS 0x000000064b800000, 0x000000064b800000| Untracked 
| 303|0x000000064bc00000, 0x000000064bc00000, 0x000000064c000000|  0%| F|  |TAMS 0x000000064bc00000, 0x000000064bc00000| Untracked 
| 304|0x000000064c000000, 0x000000064c000000, 0x000000064c400000|  0%| F|  |TAMS 0x000000064c000000, 0x000000064c000000| Untracked 
| 305|0x000000064c400000, 0x000000064c400000, 0x000000064c800000|  0%| F|  |TAMS 0x000000064c400000, 0x000000064c400000| Untracked 
| 306|0x000000064c800000, 0x000000064c800000, 0x000000064cc00000|  0%| F|  |TAMS 0x000000064c800000, 0x000000064c800000| Untracked 
| 307|0x000000064cc00000, 0x000000064cc00000, 0x000000064d000000|  0%| F|  |TAMS 0x000000064cc00000, 0x000000064cc00000| Untracked 
| 308|0x000000064d000000, 0x000000064d000000, 0x000000064d400000|  0%| F|  |TAMS 0x000000064d000000, 0x000000064d000000| Untracked 
| 309|0x000000064d400000, 0x000000064d400000, 0x000000064d800000|  0%| F|  |TAMS 0x000000064d400000, 0x000000064d400000| Untracked 
| 310|0x000000064d800000, 0x000000064d800000, 0x000000064dc00000|  0%| F|  |TAMS 0x000000064d800000, 0x000000064d800000| Untracked 
| 311|0x000000064dc00000, 0x000000064dc00000, 0x000000064e000000|  0%| F|  |TAMS 0x000000064dc00000, 0x000000064dc00000| Untracked 
| 312|0x000000064e000000, 0x000000064e000000, 0x000000064e400000|  0%| F|  |TAMS 0x000000064e000000, 0x000000064e000000| Untracked 
| 313|0x000000064e400000, 0x000000064e400000, 0x000000064e800000|  0%| F|  |TAMS 0x000000064e400000, 0x000000064e400000| Untracked 
| 314|0x000000064e800000, 0x000000064e800000, 0x000000064ec00000|  0%| F|  |TAMS 0x000000064e800000, 0x000000064e800000| Untracked 
| 315|0x000000064ec00000, 0x000000064ec00000, 0x000000064f000000|  0%| F|  |TAMS 0x000000064ec00000, 0x000000064ec00000| Untracked 
| 316|0x000000064f000000, 0x000000064f000000, 0x000000064f400000|  0%| F|  |TAMS 0x000000064f000000, 0x000000064f000000| Untracked 
| 317|0x000000064f400000, 0x000000064f400000, 0x000000064f800000|  0%| F|  |TAMS 0x000000064f400000, 0x000000064f400000| Untracked 
| 318|0x000000064f800000, 0x000000064f800000, 0x000000064fc00000|  0%| F|  |TAMS 0x000000064f800000, 0x000000064f800000| Untracked 
| 319|0x000000064fc00000, 0x000000064fc00000, 0x0000000650000000|  0%| F|  |TAMS 0x000000064fc00000, 0x000000064fc00000| Untracked 
| 320|0x0000000650000000, 0x0000000650000000, 0x0000000650400000|  0%| F|  |TAMS 0x0000000650000000, 0x0000000650000000| Untracked 
| 321|0x0000000650400000, 0x0000000650400000, 0x0000000650800000|  0%| F|  |TAMS 0x0000000650400000, 0x0000000650400000| Untracked 
| 322|0x0000000650800000, 0x0000000650800000, 0x0000000650c00000|  0%| F|  |TAMS 0x0000000650800000, 0x0000000650800000| Untracked 
| 323|0x0000000650c00000, 0x0000000650c00000, 0x0000000651000000|  0%| F|  |TAMS 0x0000000650c00000, 0x0000000650c00000| Untracked 
| 324|0x0000000651000000, 0x0000000651000000, 0x0000000651400000|  0%| F|  |TAMS 0x0000000651000000, 0x0000000651000000| Untracked 
| 325|0x0000000651400000, 0x0000000651400000, 0x0000000651800000|  0%| F|  |TAMS 0x0000000651400000, 0x0000000651400000| Untracked 
| 326|0x0000000651800000, 0x0000000651800000, 0x0000000651c00000|  0%| F|  |TAMS 0x0000000651800000, 0x0000000651800000| Untracked 
| 327|0x0000000651c00000, 0x0000000651c00000, 0x0000000652000000|  0%| F|  |TAMS 0x0000000651c00000, 0x0000000651c00000| Untracked 
| 328|0x0000000652000000, 0x0000000652000000, 0x0000000652400000|  0%| F|  |TAMS 0x0000000652000000, 0x0000000652000000| Untracked 
| 329|0x0000000652400000, 0x0000000652400000, 0x0000000652800000|  0%| F|  |TAMS 0x0000000652400000, 0x0000000652400000| Untracked 
| 330|0x0000000652800000, 0x0000000652800000, 0x0000000652c00000|  0%| F|  |TAMS 0x0000000652800000, 0x0000000652800000| Untracked 
| 331|0x0000000652c00000, 0x0000000652c00000, 0x0000000653000000|  0%| F|  |TAMS 0x0000000652c00000, 0x0000000652c00000| Untracked 
| 332|0x0000000653000000, 0x0000000653000000, 0x0000000653400000|  0%| F|  |TAMS 0x0000000653000000, 0x0000000653000000| Untracked 
| 333|0x0000000653400000, 0x0000000653400000, 0x0000000653800000|  0%| F|  |TAMS 0x0000000653400000, 0x0000000653400000| Untracked 
| 334|0x0000000653800000, 0x0000000653800000, 0x0000000653c00000|  0%| F|  |TAMS 0x0000000653800000, 0x0000000653800000| Untracked 
| 335|0x0000000653c00000, 0x0000000653c00000, 0x0000000654000000|  0%| F|  |TAMS 0x0000000653c00000, 0x0000000653c00000| Untracked 
| 336|0x0000000654000000, 0x0000000654000000, 0x0000000654400000|  0%| F|  |TAMS 0x0000000654000000, 0x0000000654000000| Untracked 
| 337|0x0000000654400000, 0x0000000654400000, 0x0000000654800000|  0%| F|  |TAMS 0x0000000654400000, 0x0000000654400000| Untracked 
| 338|0x0000000654800000, 0x0000000654800000, 0x0000000654c00000|  0%| F|  |TAMS 0x0000000654800000, 0x0000000654800000| Untracked 
| 339|0x0000000654c00000, 0x0000000654c00000, 0x0000000655000000|  0%| F|  |TAMS 0x0000000654c00000, 0x0000000654c00000| Untracked 
| 340|0x0000000655000000, 0x0000000655000000, 0x0000000655400000|  0%| F|  |TAMS 0x0000000655000000, 0x0000000655000000| Untracked 
| 341|0x0000000655400000, 0x0000000655400000, 0x0000000655800000|  0%| F|  |TAMS 0x0000000655400000, 0x0000000655400000| Untracked 
| 342|0x0000000655800000, 0x0000000655800000, 0x0000000655c00000|  0%| F|  |TAMS 0x0000000655800000, 0x0000000655800000| Untracked 
| 343|0x0000000655c00000, 0x0000000655c00000, 0x0000000656000000|  0%| F|  |TAMS 0x0000000655c00000, 0x0000000655c00000| Untracked 
| 344|0x0000000656000000, 0x0000000656000000, 0x0000000656400000|  0%| F|  |TAMS 0x0000000656000000, 0x0000000656000000| Untracked 
| 345|0x0000000656400000, 0x0000000656400000, 0x0000000656800000|  0%| F|  |TAMS 0x0000000656400000, 0x0000000656400000| Untracked 
| 346|0x0000000656800000, 0x0000000656800000, 0x0000000656c00000|  0%| F|  |TAMS 0x0000000656800000, 0x0000000656800000| Untracked 
| 347|0x0000000656c00000, 0x0000000656c00000, 0x0000000657000000|  0%| F|  |TAMS 0x0000000656c00000, 0x0000000656c00000| Untracked 
| 348|0x0000000657000000, 0x0000000657000000, 0x0000000657400000|  0%| F|  |TAMS 0x0000000657000000, 0x0000000657000000| Untracked 
| 349|0x0000000657400000, 0x0000000657400000, 0x0000000657800000|  0%| F|  |TAMS 0x0000000657400000, 0x0000000657400000| Untracked 
| 350|0x0000000657800000, 0x0000000657800000, 0x0000000657c00000|  0%| F|  |TAMS 0x0000000657800000, 0x0000000657800000| Untracked 
| 351|0x0000000657c00000, 0x0000000657c00000, 0x0000000658000000|  0%| F|  |TAMS 0x0000000657c00000, 0x0000000657c00000| Untracked 
| 352|0x0000000658000000, 0x0000000658000000, 0x0000000658400000|  0%| F|  |TAMS 0x0000000658000000, 0x0000000658000000| Untracked 
| 353|0x0000000658400000, 0x0000000658400000, 0x0000000658800000|  0%| F|  |TAMS 0x0000000658400000, 0x0000000658400000| Untracked 
| 354|0x0000000658800000, 0x0000000658800000, 0x0000000658c00000|  0%| F|  |TAMS 0x0000000658800000, 0x0000000658800000| Untracked 
| 355|0x0000000658c00000, 0x0000000658c00000, 0x0000000659000000|  0%| F|  |TAMS 0x0000000658c00000, 0x0000000658c00000| Untracked 
| 356|0x0000000659000000, 0x0000000659000000, 0x0000000659400000|  0%| F|  |TAMS 0x0000000659000000, 0x0000000659000000| Untracked 
| 357|0x0000000659400000, 0x0000000659400000, 0x0000000659800000|  0%| F|  |TAMS 0x0000000659400000, 0x0000000659400000| Untracked 
| 358|0x0000000659800000, 0x0000000659800000, 0x0000000659c00000|  0%| F|  |TAMS 0x0000000659800000, 0x0000000659800000| Untracked 
| 359|0x0000000659c00000, 0x0000000659c00000, 0x000000065a000000|  0%| F|  |TAMS 0x0000000659c00000, 0x0000000659c00000| Untracked 
| 360|0x000000065a000000, 0x000000065a000000, 0x000000065a400000|  0%| F|  |TAMS 0x000000065a000000, 0x000000065a000000| Untracked 
| 361|0x000000065a400000, 0x000000065a400000, 0x000000065a800000|  0%| F|  |TAMS 0x000000065a400000, 0x000000065a400000| Untracked 
| 362|0x000000065a800000, 0x000000065a800000, 0x000000065ac00000|  0%| F|  |TAMS 0x000000065a800000, 0x000000065a800000| Untracked 
| 363|0x000000065ac00000, 0x000000065ac00000, 0x000000065b000000|  0%| F|  |TAMS 0x000000065ac00000, 0x000000065ac00000| Untracked 
| 364|0x000000065b000000, 0x000000065b000000, 0x000000065b400000|  0%| F|  |TAMS 0x000000065b000000, 0x000000065b000000| Untracked 
| 365|0x000000065b400000, 0x000000065b400000, 0x000000065b800000|  0%| F|  |TAMS 0x000000065b400000, 0x000000065b400000| Untracked 
| 366|0x000000065b800000, 0x000000065b800000, 0x000000065bc00000|  0%| F|  |TAMS 0x000000065b800000, 0x000000065b800000| Untracked 
| 367|0x000000065bc00000, 0x000000065bc00000, 0x000000065c000000|  0%| F|  |TAMS 0x000000065bc00000, 0x000000065bc00000| Untracked 
| 368|0x000000065c000000, 0x000000065c000000, 0x000000065c400000|  0%| F|  |TAMS 0x000000065c000000, 0x000000065c000000| Untracked 
| 369|0x000000065c400000, 0x000000065c400000, 0x000000065c800000|  0%| F|  |TAMS 0x000000065c400000, 0x000000065c400000| Untracked 
| 370|0x000000065c800000, 0x000000065c800000, 0x000000065cc00000|  0%| F|  |TAMS 0x000000065c800000, 0x000000065c800000| Untracked 
| 371|0x000000065cc00000, 0x000000065cc00000, 0x000000065d000000|  0%| F|  |TAMS 0x000000065cc00000, 0x000000065cc00000| Untracked 
| 372|0x000000065d000000, 0x000000065d000000, 0x000000065d400000|  0%| F|  |TAMS 0x000000065d000000, 0x000000065d000000| Untracked 
| 373|0x000000065d400000, 0x000000065d400000, 0x000000065d800000|  0%| F|  |TAMS 0x000000065d400000, 0x000000065d400000| Untracked 
| 374|0x000000065d800000, 0x000000065d800000, 0x000000065dc00000|  0%| F|  |TAMS 0x000000065d800000, 0x000000065d800000| Untracked 
| 375|0x000000065dc00000, 0x000000065dc00000, 0x000000065e000000|  0%| F|  |TAMS 0x000000065dc00000, 0x000000065dc00000| Untracked 
| 376|0x000000065e000000, 0x000000065e000000, 0x000000065e400000|  0%| F|  |TAMS 0x000000065e000000, 0x000000065e000000| Untracked 
| 377|0x000000065e400000, 0x000000065e400000, 0x000000065e800000|  0%| F|  |TAMS 0x000000065e400000, 0x000000065e400000| Untracked 
| 378|0x000000065e800000, 0x000000065e800000, 0x000000065ec00000|  0%| F|  |TAMS 0x000000065e800000, 0x000000065e800000| Untracked 
| 379|0x000000065ec00000, 0x000000065ec00000, 0x000000065f000000|  0%| F|  |TAMS 0x000000065ec00000, 0x000000065ec00000| Untracked 
| 380|0x000000065f000000, 0x000000065f000000, 0x000000065f400000|  0%| F|  |TAMS 0x000000065f000000, 0x000000065f000000| Untracked 
| 381|0x000000065f400000, 0x000000065f400000, 0x000000065f800000|  0%| F|  |TAMS 0x000000065f400000, 0x000000065f400000| Untracked 
| 382|0x000000065f800000, 0x000000065f800000, 0x000000065fc00000|  0%| F|  |TAMS 0x000000065f800000, 0x000000065f800000| Untracked 
| 383|0x000000065fc00000, 0x000000065fc00000, 0x0000000660000000|  0%| F|  |TAMS 0x000000065fc00000, 0x000000065fc00000| Untracked 
| 384|0x0000000660000000, 0x0000000660000000, 0x0000000660400000|  0%| F|  |TAMS 0x0000000660000000, 0x0000000660000000| Untracked 
| 385|0x0000000660400000, 0x0000000660400000, 0x0000000660800000|  0%| F|  |TAMS 0x0000000660400000, 0x0000000660400000| Untracked 
| 386|0x0000000660800000, 0x0000000660800000, 0x0000000660c00000|  0%| F|  |TAMS 0x0000000660800000, 0x0000000660800000| Untracked 
| 387|0x0000000660c00000, 0x0000000660c00000, 0x0000000661000000|  0%| F|  |TAMS 0x0000000660c00000, 0x0000000660c00000| Untracked 
| 388|0x0000000661000000, 0x0000000661000000, 0x0000000661400000|  0%| F|  |TAMS 0x0000000661000000, 0x0000000661000000| Untracked 
| 389|0x0000000661400000, 0x0000000661400000, 0x0000000661800000|  0%| F|  |TAMS 0x0000000661400000, 0x0000000661400000| Untracked 
| 390|0x0000000661800000, 0x0000000661800000, 0x0000000661c00000|  0%| F|  |TAMS 0x0000000661800000, 0x0000000661800000| Untracked 
| 391|0x0000000661c00000, 0x0000000661c00000, 0x0000000662000000|  0%| F|  |TAMS 0x0000000661c00000, 0x0000000661c00000| Untracked 
| 392|0x0000000662000000, 0x0000000662000000, 0x0000000662400000|  0%| F|  |TAMS 0x0000000662000000, 0x0000000662000000| Untracked 
| 393|0x0000000662400000, 0x0000000662400000, 0x0000000662800000|  0%| F|  |TAMS 0x0000000662400000, 0x0000000662400000| Untracked 
| 394|0x0000000662800000, 0x0000000662c00000, 0x0000000662c00000|100%| O|  |TAMS 0x0000000662c00000, 0x0000000662800000| Untracked 
| 395|0x0000000662c00000, 0x0000000663000000, 0x0000000663000000|100%| O|  |TAMS 0x0000000663000000, 0x0000000662c00000| Untracked 
| 396|0x0000000663000000, 0x0000000663400000, 0x0000000663400000|100%| O|  |TAMS 0x0000000663400000, 0x0000000663000000| Untracked 
| 397|0x0000000663400000, 0x0000000663800000, 0x0000000663800000|100%| O|  |TAMS 0x0000000663800000, 0x0000000663400000| Untracked 
| 398|0x0000000663800000, 0x0000000663800000, 0x0000000663c00000|  0%| F|  |TAMS 0x0000000663800000, 0x0000000663800000| Untracked 
| 399|0x0000000663c00000, 0x0000000664000000, 0x0000000664000000|100%| O|  |TAMS 0x0000000664000000, 0x0000000663c00000| Untracked 
| 400|0x0000000664000000, 0x0000000664400000, 0x0000000664400000|100%| O|  |TAMS 0x0000000664400000, 0x0000000664000000| Untracked 
| 401|0x0000000664400000, 0x0000000664800000, 0x0000000664800000|100%| O|  |TAMS 0x0000000664800000, 0x0000000664400000| Untracked 
| 402|0x0000000664800000, 0x0000000664c00000, 0x0000000664c00000|100%| O|  |TAMS 0x0000000664c00000, 0x0000000664800000| Untracked 
| 403|0x0000000664c00000, 0x0000000664c00000, 0x0000000665000000|  0%| F|  |TAMS 0x0000000664c00000, 0x0000000664c00000| Untracked 
| 404|0x0000000665000000, 0x0000000665400000, 0x0000000665400000|100%| O|  |TAMS 0x0000000665400000, 0x0000000665000000| Untracked 
| 405|0x0000000665400000, 0x0000000665800000, 0x0000000665800000|100%| O|  |TAMS 0x0000000665800000, 0x0000000665400000| Untracked 
| 406|0x0000000665800000, 0x0000000665c00000, 0x0000000665c00000|100%| O|  |TAMS 0x0000000665c00000, 0x0000000665800000| Untracked 
| 407|0x0000000665c00000, 0x0000000666000000, 0x0000000666000000|100%| O|  |TAMS 0x0000000666000000, 0x0000000665c00000| Untracked 
| 408|0x0000000666000000, 0x0000000666400000, 0x0000000666400000|100%| O|  |TAMS 0x0000000666400000, 0x0000000666000000| Untracked 
| 409|0x0000000666400000, 0x0000000666800000, 0x0000000666800000|100%| O|  |TAMS 0x0000000666800000, 0x0000000666400000| Untracked 
| 410|0x0000000666800000, 0x0000000666c00000, 0x0000000666c00000|100%| O|  |TAMS 0x0000000666c00000, 0x0000000666800000| Untracked 
| 411|0x0000000666c00000, 0x0000000666c00000, 0x0000000667000000|  0%| F|  |TAMS 0x0000000666c00000, 0x0000000666c00000| Untracked 
| 412|0x0000000667000000, 0x0000000667400000, 0x0000000667400000|100%| O|  |TAMS 0x0000000667400000, 0x0000000667000000| Untracked 
| 413|0x0000000667400000, 0x0000000667800000, 0x0000000667800000|100%| O|  |TAMS 0x0000000667800000, 0x0000000667400000| Untracked 
| 414|0x0000000667800000, 0x0000000667c00000, 0x0000000667c00000|100%| O|  |TAMS 0x0000000667c00000, 0x0000000667800000| Untracked 
| 415|0x0000000667c00000, 0x0000000668000000, 0x0000000668000000|100%| O|  |TAMS 0x0000000668000000, 0x0000000667c00000| Untracked 
| 416|0x0000000668000000, 0x0000000668400000, 0x0000000668400000|100%| O|  |TAMS 0x0000000668400000, 0x0000000668000000| Untracked 
| 417|0x0000000668400000, 0x0000000668800000, 0x0000000668800000|100%| O|  |TAMS 0x0000000668800000, 0x0000000668400000| Untracked 
| 418|0x0000000668800000, 0x0000000668c00000, 0x0000000668c00000|100%| O|  |TAMS 0x0000000668c00000, 0x0000000668800000| Untracked 
| 419|0x0000000668c00000, 0x0000000669000000, 0x0000000669000000|100%| O|  |TAMS 0x0000000669000000, 0x0000000668c00000| Untracked 
| 420|0x0000000669000000, 0x0000000669400000, 0x0000000669400000|100%| O|  |TAMS 0x0000000669400000, 0x0000000669000000| Untracked 
| 421|0x0000000669400000, 0x0000000669800000, 0x0000000669800000|100%| O|  |TAMS 0x0000000669800000, 0x0000000669400000| Untracked 
| 422|0x0000000669800000, 0x0000000669c00000, 0x0000000669c00000|100%| O|  |TAMS 0x0000000669c00000, 0x0000000669800000| Untracked 
| 423|0x0000000669c00000, 0x0000000669c00000, 0x000000066a000000|  0%| F|  |TAMS 0x0000000669c00000, 0x0000000669c00000| Untracked 
| 424|0x000000066a000000, 0x000000066a400000, 0x000000066a400000|100%| O|  |TAMS 0x000000066a400000, 0x000000066a000000| Untracked 
| 425|0x000000066a400000, 0x000000066a800000, 0x000000066a800000|100%| O|  |TAMS 0x000000066a800000, 0x000000066a400000| Untracked 
| 426|0x000000066a800000, 0x000000066ac00000, 0x000000066ac00000|100%| O|  |TAMS 0x000000066ac00000, 0x000000066a800000| Untracked 
| 427|0x000000066ac00000, 0x000000066b000000, 0x000000066b000000|100%| O|  |TAMS 0x000000066b000000, 0x000000066ac00000| Untracked 
| 428|0x000000066b000000, 0x000000066b400000, 0x000000066b400000|100%| O|  |TAMS 0x000000066b400000, 0x000000066b000000| Untracked 
| 429|0x000000066b400000, 0x000000066b800000, 0x000000066b800000|100%| O|  |TAMS 0x000000066b800000, 0x000000066b400000| Untracked 
| 430|0x000000066b800000, 0x000000066bc00000, 0x000000066bc00000|100%| O|  |TAMS 0x000000066bc00000, 0x000000066b800000| Untracked 
| 431|0x000000066bc00000, 0x000000066c000000, 0x000000066c000000|100%| O|  |TAMS 0x000000066c000000, 0x000000066bc00000| Untracked 
| 432|0x000000066c000000, 0x000000066c400000, 0x000000066c400000|100%| O|  |TAMS 0x000000066c400000, 0x000000066c000000| Untracked 
| 433|0x000000066c400000, 0x000000066c800000, 0x000000066c800000|100%| O|  |TAMS 0x000000066c800000, 0x000000066c400000| Untracked 
| 434|0x000000066c800000, 0x000000066cc00000, 0x000000066cc00000|100%| O|  |TAMS 0x000000066cc00000, 0x000000066c800000| Untracked 
| 435|0x000000066cc00000, 0x000000066d000000, 0x000000066d000000|100%| O|  |TAMS 0x000000066d000000, 0x000000066cc00000| Untracked 
| 436|0x000000066d000000, 0x000000066d400000, 0x000000066d400000|100%| O|  |TAMS 0x000000066d400000, 0x000000066d000000| Untracked 
| 437|0x000000066d400000, 0x000000066d800000, 0x000000066d800000|100%| O|  |TAMS 0x000000066d800000, 0x000000066d400000| Untracked 
| 438|0x000000066d800000, 0x000000066dc00000, 0x000000066dc00000|100%| O|  |TAMS 0x000000066dc00000, 0x000000066d800000| Untracked 
| 439|0x000000066dc00000, 0x000000066e000000, 0x000000066e000000|100%| O|  |TAMS 0x000000066e000000, 0x000000066dc00000| Untracked 
| 440|0x000000066e000000, 0x000000066e400000, 0x000000066e400000|100%| O|  |TAMS 0x000000066e400000, 0x000000066e000000| Untracked 
| 441|0x000000066e400000, 0x000000066e800000, 0x000000066e800000|100%| O|  |TAMS 0x000000066e800000, 0x000000066e400000| Untracked 
| 442|0x000000066e800000, 0x000000066e800000, 0x000000066ec00000|  0%| F|  |TAMS 0x000000066e800000, 0x000000066e800000| Untracked 
| 443|0x000000066ec00000, 0x000000066f000000, 0x000000066f000000|100%| O|  |TAMS 0x000000066f000000, 0x000000066ec00000| Untracked 
| 444|0x000000066f000000, 0x000000066f400000, 0x000000066f400000|100%| O|  |TAMS 0x000000066f400000, 0x000000066f000000| Untracked 
| 445|0x000000066f400000, 0x000000066f800000, 0x000000066f800000|100%| O|  |TAMS 0x000000066f800000, 0x000000066f400000| Untracked 
| 446|0x000000066f800000, 0x000000066fc00000, 0x000000066fc00000|100%| O|  |TAMS 0x000000066fc00000, 0x000000066f800000| Untracked 
| 447|0x000000066fc00000, 0x0000000670000000, 0x0000000670000000|100%| O|  |TAMS 0x0000000670000000, 0x000000066fc00000| Untracked 
| 448|0x0000000670000000, 0x0000000670400000, 0x0000000670400000|100%| O|  |TAMS 0x0000000670400000, 0x0000000670000000| Untracked 
| 449|0x0000000670400000, 0x0000000670800000, 0x0000000670800000|100%| O|  |TAMS 0x0000000670800000, 0x0000000670400000| Untracked 
| 450|0x0000000670800000, 0x0000000670c00000, 0x0000000670c00000|100%| O|  |TAMS 0x0000000670c00000, 0x0000000670800000| Untracked 
| 451|0x0000000670c00000, 0x0000000671000000, 0x0000000671000000|100%| O|  |TAMS 0x0000000671000000, 0x0000000670c00000| Untracked 
| 452|0x0000000671000000, 0x0000000671400000, 0x0000000671400000|100%| O|  |TAMS 0x0000000671400000, 0x0000000671000000| Untracked 
| 453|0x0000000671400000, 0x0000000671800000, 0x0000000671800000|100%| O|  |TAMS 0x0000000671800000, 0x0000000671400000| Untracked 
| 454|0x0000000671800000, 0x0000000671c00000, 0x0000000671c00000|100%| O|  |TAMS 0x0000000671c00000, 0x0000000671800000| Untracked 
| 455|0x0000000671c00000, 0x0000000672000000, 0x0000000672000000|100%| O|  |TAMS 0x0000000672000000, 0x0000000671c00000| Untracked 
| 456|0x0000000672000000, 0x0000000672400000, 0x0000000672400000|100%| O|  |TAMS 0x0000000672400000, 0x0000000672000000| Untracked 
| 457|0x0000000672400000, 0x0000000672400000, 0x0000000672800000|  0%| F|  |TAMS 0x0000000672400000, 0x0000000672400000| Untracked 
| 458|0x0000000672800000, 0x0000000672c00000, 0x0000000672c00000|100%| O|  |TAMS 0x0000000672944000, 0x0000000672800000| Untracked 
| 459|0x0000000672c00000, 0x0000000673000000, 0x0000000673000000|100%| O|  |TAMS 0x0000000672c00000, 0x0000000672c00000| Untracked 
| 460|0x0000000673000000, 0x0000000673400000, 0x0000000673400000|100%| O|  |TAMS 0x0000000673000000, 0x0000000673000000| Untracked 
| 461|0x0000000673400000, 0x0000000673800000, 0x0000000673800000|100%| O|  |TAMS 0x0000000673400000, 0x0000000673400000| Untracked 
| 462|0x0000000673800000, 0x0000000673c00000, 0x0000000673c00000|100%| O|  |TAMS 0x0000000673800000, 0x0000000673800000| Untracked 
| 463|0x0000000673c00000, 0x0000000674000000, 0x0000000674000000|100%| O|  |TAMS 0x0000000673c00000, 0x0000000673c00000| Untracked 
| 464|0x0000000674000000, 0x0000000674400000, 0x0000000674400000|100%| O|  |TAMS 0x0000000674000000, 0x0000000674000000| Untracked 
| 465|0x0000000674400000, 0x0000000674800000, 0x0000000674800000|100%| O|  |TAMS 0x0000000674400000, 0x0000000674400000| Untracked 
| 466|0x0000000674800000, 0x0000000674c00000, 0x0000000674c00000|100%| O|  |TAMS 0x0000000674800000, 0x0000000674800000| Untracked 
| 467|0x0000000674c00000, 0x0000000675000000, 0x0000000675000000|100%| O|  |TAMS 0x0000000674c00000, 0x0000000674c00000| Untracked 
| 468|0x0000000675000000, 0x0000000675400000, 0x0000000675400000|100%| O|  |TAMS 0x0000000675000000, 0x0000000675000000| Untracked 
| 469|0x0000000675400000, 0x0000000675800000, 0x0000000675800000|100%| O|  |TAMS 0x0000000675400000, 0x0000000675400000| Untracked 
| 470|0x0000000675800000, 0x0000000675800000, 0x0000000675c00000|  0%| F|  |TAMS 0x0000000675800000, 0x0000000675800000| Untracked 
| 471|0x0000000675c00000, 0x0000000675c00000, 0x0000000676000000|  0%| F|  |TAMS 0x0000000675c00000, 0x0000000675c00000| Untracked 
| 472|0x0000000676000000, 0x0000000676000000, 0x0000000676400000|  0%| F|  |TAMS 0x0000000676000000, 0x0000000676000000| Untracked 
| 473|0x0000000676400000, 0x0000000676400000, 0x0000000676800000|  0%| F|  |TAMS 0x0000000676400000, 0x0000000676400000| Untracked 
| 474|0x0000000676800000, 0x0000000676800000, 0x0000000676c00000|  0%| F|  |TAMS 0x0000000676800000, 0x0000000676800000| Untracked 
| 475|0x0000000676c00000, 0x0000000676c00000, 0x0000000677000000|  0%| F|  |TAMS 0x0000000676c00000, 0x0000000676c00000| Untracked 
| 476|0x0000000677000000, 0x0000000677000000, 0x0000000677400000|  0%| F|  |TAMS 0x0000000677000000, 0x0000000677000000| Untracked 
| 477|0x0000000677400000, 0x0000000677400000, 0x0000000677800000|  0%| F|  |TAMS 0x0000000677400000, 0x0000000677400000| Untracked 
| 478|0x0000000677800000, 0x0000000677800000, 0x0000000677c00000|  0%| F|  |TAMS 0x0000000677800000, 0x0000000677800000| Untracked 
| 479|0x0000000677c00000, 0x0000000677c00000, 0x0000000678000000|  0%| F|  |TAMS 0x0000000677c00000, 0x0000000677c00000| Untracked 
| 480|0x0000000678000000, 0x0000000678000000, 0x0000000678400000|  0%| F|  |TAMS 0x0000000678000000, 0x0000000678000000| Untracked 
| 481|0x0000000678400000, 0x0000000678400000, 0x0000000678800000|  0%| F|  |TAMS 0x0000000678400000, 0x0000000678400000| Untracked 
| 482|0x0000000678800000, 0x0000000678800000, 0x0000000678c00000|  0%| F|  |TAMS 0x0000000678800000, 0x0000000678800000| Untracked 
| 483|0x0000000678c00000, 0x0000000678c00000, 0x0000000679000000|  0%| F|  |TAMS 0x0000000678c00000, 0x0000000678c00000| Untracked 
| 484|0x0000000679000000, 0x0000000679000000, 0x0000000679400000|  0%| F|  |TAMS 0x0000000679000000, 0x0000000679000000| Untracked 
| 485|0x0000000679400000, 0x0000000679400000, 0x0000000679800000|  0%| F|  |TAMS 0x0000000679400000, 0x0000000679400000| Untracked 
| 486|0x0000000679800000, 0x0000000679800000, 0x0000000679c00000|  0%| F|  |TAMS 0x0000000679800000, 0x0000000679800000| Untracked 
| 487|0x0000000679c00000, 0x0000000679c00000, 0x000000067a000000|  0%| F|  |TAMS 0x0000000679c00000, 0x0000000679c00000| Untracked 
| 488|0x000000067a000000, 0x000000067a000000, 0x000000067a400000|  0%| F|  |TAMS 0x000000067a000000, 0x000000067a000000| Untracked 
| 489|0x000000067a400000, 0x000000067a400000, 0x000000067a800000|  0%| F|  |TAMS 0x000000067a400000, 0x000000067a400000| Untracked 
| 490|0x000000067a800000, 0x000000067a800000, 0x000000067ac00000|  0%| F|  |TAMS 0x000000067a800000, 0x000000067a800000| Untracked 
| 491|0x000000067ac00000, 0x000000067ac00000, 0x000000067b000000|  0%| F|  |TAMS 0x000000067ac00000, 0x000000067ac00000| Untracked 
| 492|0x000000067b000000, 0x000000067b000000, 0x000000067b400000|  0%| F|  |TAMS 0x000000067b000000, 0x000000067b000000| Untracked 
| 493|0x000000067b400000, 0x000000067b400000, 0x000000067b800000|  0%| F|  |TAMS 0x000000067b400000, 0x000000067b400000| Untracked 
| 494|0x000000067b800000, 0x000000067b800000, 0x000000067bc00000|  0%| F|  |TAMS 0x000000067b800000, 0x000000067b800000| Untracked 
| 495|0x000000067bc00000, 0x000000067bc00000, 0x000000067c000000|  0%| F|  |TAMS 0x000000067bc00000, 0x000000067bc00000| Untracked 
| 496|0x000000067c000000, 0x000000067c000000, 0x000000067c400000|  0%| F|  |TAMS 0x000000067c000000, 0x000000067c000000| Untracked 
| 497|0x000000067c400000, 0x000000067c400000, 0x000000067c800000|  0%| F|  |TAMS 0x000000067c400000, 0x000000067c400000| Untracked 
| 498|0x000000067c800000, 0x000000067c800000, 0x000000067cc00000|  0%| F|  |TAMS 0x000000067c800000, 0x000000067c800000| Untracked 
| 499|0x000000067cc00000, 0x000000067cc00000, 0x000000067d000000|  0%| F|  |TAMS 0x000000067cc00000, 0x000000067cc00000| Untracked 
| 500|0x000000067d000000, 0x000000067d000000, 0x000000067d400000|  0%| F|  |TAMS 0x000000067d000000, 0x000000067d000000| Untracked 
| 501|0x000000067d400000, 0x000000067d400000, 0x000000067d800000|  0%| F|  |TAMS 0x000000067d400000, 0x000000067d400000| Untracked 
| 502|0x000000067d800000, 0x000000067d800000, 0x000000067dc00000|  0%| F|  |TAMS 0x000000067d800000, 0x000000067d800000| Untracked 
| 503|0x000000067dc00000, 0x000000067dc00000, 0x000000067e000000|  0%| F|  |TAMS 0x000000067dc00000, 0x000000067dc00000| Untracked 
| 504|0x000000067e000000, 0x000000067e000000, 0x000000067e400000|  0%| F|  |TAMS 0x000000067e000000, 0x000000067e000000| Untracked 
| 505|0x000000067e400000, 0x000000067e400000, 0x000000067e800000|  0%| F|  |TAMS 0x000000067e400000, 0x000000067e400000| Untracked 
| 506|0x000000067e800000, 0x000000067e800000, 0x000000067ec00000|  0%| F|  |TAMS 0x000000067e800000, 0x000000067e800000| Untracked 
| 507|0x000000067ec00000, 0x000000067ec00000, 0x000000067f000000|  0%| F|  |TAMS 0x000000067ec00000, 0x000000067ec00000| Untracked 
| 508|0x000000067f000000, 0x000000067f000000, 0x000000067f400000|  0%| F|  |TAMS 0x000000067f000000, 0x000000067f000000| Untracked 
| 509|0x000000067f400000, 0x000000067f400000, 0x000000067f800000|  0%| F|  |TAMS 0x000000067f400000, 0x000000067f400000| Untracked 
| 510|0x000000067f800000, 0x000000067f800000, 0x000000067fc00000|  0%| F|  |TAMS 0x000000067f800000, 0x000000067f800000| Untracked 
| 511|0x000000067fc00000, 0x000000067fc00000, 0x0000000680000000|  0%| F|  |TAMS 0x000000067fc00000, 0x000000067fc00000| Untracked 
| 512|0x0000000680000000, 0x0000000680000000, 0x0000000680400000|  0%| F|  |TAMS 0x0000000680000000, 0x0000000680000000| Untracked 
| 513|0x0000000680400000, 0x0000000680400000, 0x0000000680800000|  0%| F|  |TAMS 0x0000000680400000, 0x0000000680400000| Untracked 
| 514|0x0000000680800000, 0x0000000680800000, 0x0000000680c00000|  0%| F|  |TAMS 0x0000000680800000, 0x0000000680800000| Untracked 
| 515|0x0000000680c00000, 0x0000000680c00000, 0x0000000681000000|  0%| F|  |TAMS 0x0000000680c00000, 0x0000000680c00000| Untracked 
| 516|0x0000000681000000, 0x0000000681000000, 0x0000000681400000|  0%| F|  |TAMS 0x0000000681000000, 0x0000000681000000| Untracked 
| 517|0x0000000681400000, 0x0000000681400000, 0x0000000681800000|  0%| F|  |TAMS 0x0000000681400000, 0x0000000681400000| Untracked 
| 518|0x0000000681800000, 0x0000000681800000, 0x0000000681c00000|  0%| F|  |TAMS 0x0000000681800000, 0x0000000681800000| Untracked 
| 519|0x0000000681c00000, 0x0000000681c00000, 0x0000000682000000|  0%| F|  |TAMS 0x0000000681c00000, 0x0000000681c00000| Untracked 
| 520|0x0000000682000000, 0x0000000682000000, 0x0000000682400000|  0%| F|  |TAMS 0x0000000682000000, 0x0000000682000000| Untracked 
| 521|0x0000000682400000, 0x0000000682400000, 0x0000000682800000|  0%| F|  |TAMS 0x0000000682400000, 0x0000000682400000| Untracked 
| 522|0x0000000682800000, 0x0000000682800000, 0x0000000682c00000|  0%| F|  |TAMS 0x0000000682800000, 0x0000000682800000| Untracked 
| 523|0x0000000682c00000, 0x0000000682c00000, 0x0000000683000000|  0%| F|  |TAMS 0x0000000682c00000, 0x0000000682c00000| Untracked 
| 524|0x0000000683000000, 0x0000000683000000, 0x0000000683400000|  0%| F|  |TAMS 0x0000000683000000, 0x0000000683000000| Untracked 
| 525|0x0000000683400000, 0x0000000683400000, 0x0000000683800000|  0%| F|  |TAMS 0x0000000683400000, 0x0000000683400000| Untracked 
| 526|0x0000000683800000, 0x0000000683800000, 0x0000000683c00000|  0%| F|  |TAMS 0x0000000683800000, 0x0000000683800000| Untracked 
| 527|0x0000000683c00000, 0x0000000683c00000, 0x0000000684000000|  0%| F|  |TAMS 0x0000000683c00000, 0x0000000683c00000| Untracked 
| 528|0x0000000684000000, 0x0000000684000000, 0x0000000684400000|  0%| F|  |TAMS 0x0000000684000000, 0x0000000684000000| Untracked 
| 529|0x0000000684400000, 0x0000000684400000, 0x0000000684800000|  0%| F|  |TAMS 0x0000000684400000, 0x0000000684400000| Untracked 
| 530|0x0000000684800000, 0x0000000684800000, 0x0000000684c00000|  0%| F|  |TAMS 0x0000000684800000, 0x0000000684800000| Untracked 
| 531|0x0000000684c00000, 0x0000000684c00000, 0x0000000685000000|  0%| F|  |TAMS 0x0000000684c00000, 0x0000000684c00000| Untracked 
| 532|0x0000000685000000, 0x0000000685000000, 0x0000000685400000|  0%| F|  |TAMS 0x0000000685000000, 0x0000000685000000| Untracked 
| 533|0x0000000685400000, 0x0000000685400000, 0x0000000685800000|  0%| F|  |TAMS 0x0000000685400000, 0x0000000685400000| Untracked 
| 534|0x0000000685800000, 0x0000000685800000, 0x0000000685c00000|  0%| F|  |TAMS 0x0000000685800000, 0x0000000685800000| Untracked 
| 535|0x0000000685c00000, 0x0000000685c00000, 0x0000000686000000|  0%| F|  |TAMS 0x0000000685c00000, 0x0000000685c00000| Untracked 
| 536|0x0000000686000000, 0x0000000686000000, 0x0000000686400000|  0%| F|  |TAMS 0x0000000686000000, 0x0000000686000000| Untracked 
| 537|0x0000000686400000, 0x0000000686400000, 0x0000000686800000|  0%| F|  |TAMS 0x0000000686400000, 0x0000000686400000| Untracked 
| 538|0x0000000686800000, 0x0000000686800000, 0x0000000686c00000|  0%| F|  |TAMS 0x0000000686800000, 0x0000000686800000| Untracked 
| 539|0x0000000686c00000, 0x0000000686c00000, 0x0000000687000000|  0%| F|  |TAMS 0x0000000686c00000, 0x0000000686c00000| Untracked 
| 540|0x0000000687000000, 0x0000000687000000, 0x0000000687400000|  0%| F|  |TAMS 0x0000000687000000, 0x0000000687000000| Untracked 
| 541|0x0000000687400000, 0x0000000687400000, 0x0000000687800000|  0%| F|  |TAMS 0x0000000687400000, 0x0000000687400000| Untracked 
| 542|0x0000000687800000, 0x0000000687800000, 0x0000000687c00000|  0%| F|  |TAMS 0x0000000687800000, 0x0000000687800000| Untracked 
| 543|0x0000000687c00000, 0x0000000687c00000, 0x0000000688000000|  0%| F|  |TAMS 0x0000000687c00000, 0x0000000687c00000| Untracked 
| 544|0x0000000688000000, 0x0000000688000000, 0x0000000688400000|  0%| F|  |TAMS 0x0000000688000000, 0x0000000688000000| Untracked 
| 545|0x0000000688400000, 0x0000000688400000, 0x0000000688800000|  0%| F|  |TAMS 0x0000000688400000, 0x0000000688400000| Untracked 
| 546|0x0000000688800000, 0x0000000688800000, 0x0000000688c00000|  0%| F|  |TAMS 0x0000000688800000, 0x0000000688800000| Untracked 
| 547|0x0000000688c00000, 0x0000000688c00000, 0x0000000689000000|  0%| F|  |TAMS 0x0000000688c00000, 0x0000000688c00000| Untracked 
| 548|0x0000000689000000, 0x0000000689000000, 0x0000000689400000|  0%| F|  |TAMS 0x0000000689000000, 0x0000000689000000| Untracked 
| 549|0x0000000689400000, 0x0000000689400000, 0x0000000689800000|  0%| F|  |TAMS 0x0000000689400000, 0x0000000689400000| Untracked 
| 550|0x0000000689800000, 0x0000000689800000, 0x0000000689c00000|  0%| F|  |TAMS 0x0000000689800000, 0x0000000689800000| Untracked 
| 551|0x0000000689c00000, 0x0000000689c00000, 0x000000068a000000|  0%| F|  |TAMS 0x0000000689c00000, 0x0000000689c00000| Untracked 
| 552|0x000000068a000000, 0x000000068a000000, 0x000000068a400000|  0%| F|  |TAMS 0x000000068a000000, 0x000000068a000000| Untracked 
| 553|0x000000068a400000, 0x000000068a400000, 0x000000068a800000|  0%| F|  |TAMS 0x000000068a400000, 0x000000068a400000| Untracked 
| 554|0x000000068a800000, 0x000000068a800000, 0x000000068ac00000|  0%| F|  |TAMS 0x000000068a800000, 0x000000068a800000| Untracked 
| 555|0x000000068ac00000, 0x000000068ac00000, 0x000000068b000000|  0%| F|  |TAMS 0x000000068ac00000, 0x000000068ac00000| Untracked 
| 556|0x000000068b000000, 0x000000068b000000, 0x000000068b400000|  0%| F|  |TAMS 0x000000068b000000, 0x000000068b000000| Untracked 
| 557|0x000000068b400000, 0x000000068b400000, 0x000000068b800000|  0%| F|  |TAMS 0x000000068b400000, 0x000000068b400000| Untracked 
| 558|0x000000068b800000, 0x000000068b800000, 0x000000068bc00000|  0%| F|  |TAMS 0x000000068b800000, 0x000000068b800000| Untracked 
| 559|0x000000068bc00000, 0x000000068bc00000, 0x000000068c000000|  0%| F|  |TAMS 0x000000068bc00000, 0x000000068bc00000| Untracked 
| 560|0x000000068c000000, 0x000000068c000000, 0x000000068c400000|  0%| F|  |TAMS 0x000000068c000000, 0x000000068c000000| Untracked 
| 561|0x000000068c400000, 0x000000068c400000, 0x000000068c800000|  0%| F|  |TAMS 0x000000068c400000, 0x000000068c400000| Untracked 
| 562|0x000000068c800000, 0x000000068c800000, 0x000000068cc00000|  0%| F|  |TAMS 0x000000068c800000, 0x000000068c800000| Untracked 
| 563|0x000000068cc00000, 0x000000068cc00000, 0x000000068d000000|  0%| F|  |TAMS 0x000000068cc00000, 0x000000068cc00000| Untracked 
| 564|0x000000068d000000, 0x000000068d000000, 0x000000068d400000|  0%| F|  |TAMS 0x000000068d000000, 0x000000068d000000| Untracked 
| 565|0x000000068d400000, 0x000000068d400000, 0x000000068d800000|  0%| F|  |TAMS 0x000000068d400000, 0x000000068d400000| Untracked 
| 566|0x000000068d800000, 0x000000068d800000, 0x000000068dc00000|  0%| F|  |TAMS 0x000000068d800000, 0x000000068d800000| Untracked 
| 567|0x000000068dc00000, 0x000000068dc00000, 0x000000068e000000|  0%| F|  |TAMS 0x000000068dc00000, 0x000000068dc00000| Untracked 
| 568|0x000000068e000000, 0x000000068e000000, 0x000000068e400000|  0%| F|  |TAMS 0x000000068e000000, 0x000000068e000000| Untracked 
| 569|0x000000068e400000, 0x000000068e400000, 0x000000068e800000|  0%| F|  |TAMS 0x000000068e400000, 0x000000068e400000| Untracked 
| 570|0x000000068e800000, 0x000000068e800000, 0x000000068ec00000|  0%| F|  |TAMS 0x000000068e800000, 0x000000068e800000| Untracked 
| 571|0x000000068ec00000, 0x000000068ec00000, 0x000000068f000000|  0%| F|  |TAMS 0x000000068ec00000, 0x000000068ec00000| Untracked 
| 572|0x000000068f000000, 0x000000068f000000, 0x000000068f400000|  0%| F|  |TAMS 0x000000068f000000, 0x000000068f000000| Untracked 
| 573|0x000000068f400000, 0x000000068f400000, 0x000000068f800000|  0%| F|  |TAMS 0x000000068f400000, 0x000000068f400000| Untracked 
| 574|0x000000068f800000, 0x000000068f800000, 0x000000068fc00000|  0%| F|  |TAMS 0x000000068f800000, 0x000000068f800000| Untracked 
| 575|0x000000068fc00000, 0x000000068fc00000, 0x0000000690000000|  0%| F|  |TAMS 0x000000068fc00000, 0x000000068fc00000| Untracked 
| 576|0x0000000690000000, 0x0000000690000000, 0x0000000690400000|  0%| F|  |TAMS 0x0000000690000000, 0x0000000690000000| Untracked 
| 577|0x0000000690400000, 0x0000000690400000, 0x0000000690800000|  0%| F|  |TAMS 0x0000000690400000, 0x0000000690400000| Untracked 
| 578|0x0000000690800000, 0x0000000690800000, 0x0000000690c00000|  0%| F|  |TAMS 0x0000000690800000, 0x0000000690800000| Untracked 
| 579|0x0000000690c00000, 0x0000000690c00000, 0x0000000691000000|  0%| F|  |TAMS 0x0000000690c00000, 0x0000000690c00000| Untracked 
| 580|0x0000000691000000, 0x0000000691000000, 0x0000000691400000|  0%| F|  |TAMS 0x0000000691000000, 0x0000000691000000| Untracked 
| 581|0x0000000691400000, 0x0000000691400000, 0x0000000691800000|  0%| F|  |TAMS 0x0000000691400000, 0x0000000691400000| Untracked 
| 582|0x0000000691800000, 0x0000000691800000, 0x0000000691c00000|  0%| F|  |TAMS 0x0000000691800000, 0x0000000691800000| Untracked 
| 583|0x0000000691c00000, 0x0000000691c00000, 0x0000000692000000|  0%| F|  |TAMS 0x0000000691c00000, 0x0000000691c00000| Untracked 
| 584|0x0000000692000000, 0x0000000692000000, 0x0000000692400000|  0%| F|  |TAMS 0x0000000692000000, 0x0000000692000000| Untracked 
| 585|0x0000000692400000, 0x0000000692400000, 0x0000000692800000|  0%| F|  |TAMS 0x0000000692400000, 0x0000000692400000| Untracked 
| 586|0x0000000692800000, 0x0000000692800000, 0x0000000692c00000|  0%| F|  |TAMS 0x0000000692800000, 0x0000000692800000| Untracked 
| 587|0x0000000692c00000, 0x0000000692c00000, 0x0000000693000000|  0%| F|  |TAMS 0x0000000692c00000, 0x0000000692c00000| Untracked 
| 588|0x0000000693000000, 0x0000000693000000, 0x0000000693400000|  0%| F|  |TAMS 0x0000000693000000, 0x0000000693000000| Untracked 
| 589|0x0000000693400000, 0x0000000693400000, 0x0000000693800000|  0%| F|  |TAMS 0x0000000693400000, 0x0000000693400000| Untracked 
| 590|0x0000000693800000, 0x0000000693800000, 0x0000000693c00000|  0%| F|  |TAMS 0x0000000693800000, 0x0000000693800000| Untracked 
| 591|0x0000000693c00000, 0x0000000693c00000, 0x0000000694000000|  0%| F|  |TAMS 0x0000000693c00000, 0x0000000693c00000| Untracked 
| 592|0x0000000694000000, 0x0000000694000000, 0x0000000694400000|  0%| F|  |TAMS 0x0000000694000000, 0x0000000694000000| Untracked 
| 593|0x0000000694400000, 0x0000000694400000, 0x0000000694800000|  0%| F|  |TAMS 0x0000000694400000, 0x0000000694400000| Untracked 
| 594|0x0000000694800000, 0x0000000694800000, 0x0000000694c00000|  0%| F|  |TAMS 0x0000000694800000, 0x0000000694800000| Untracked 
| 595|0x0000000694c00000, 0x0000000694c00000, 0x0000000695000000|  0%| F|  |TAMS 0x0000000694c00000, 0x0000000694c00000| Untracked 
| 596|0x0000000695000000, 0x0000000695000000, 0x0000000695400000|  0%| F|  |TAMS 0x0000000695000000, 0x0000000695000000| Untracked 
| 597|0x0000000695400000, 0x0000000695400000, 0x0000000695800000|  0%| F|  |TAMS 0x0000000695400000, 0x0000000695400000| Untracked 
| 598|0x0000000695800000, 0x0000000695800000, 0x0000000695c00000|  0%| F|  |TAMS 0x0000000695800000, 0x0000000695800000| Untracked 
| 599|0x0000000695c00000, 0x0000000695c00000, 0x0000000696000000|  0%| F|  |TAMS 0x0000000695c00000, 0x0000000695c00000| Untracked 
| 600|0x0000000696000000, 0x0000000696000000, 0x0000000696400000|  0%| F|  |TAMS 0x0000000696000000, 0x0000000696000000| Untracked 
| 601|0x0000000696400000, 0x0000000696400000, 0x0000000696800000|  0%| F|  |TAMS 0x0000000696400000, 0x0000000696400000| Untracked 
| 602|0x0000000696800000, 0x0000000696800000, 0x0000000696c00000|  0%| F|  |TAMS 0x0000000696800000, 0x0000000696800000| Untracked 
| 603|0x0000000696c00000, 0x0000000696c00000, 0x0000000697000000|  0%| F|  |TAMS 0x0000000696c00000, 0x0000000696c00000| Untracked 
| 604|0x0000000697000000, 0x0000000697000000, 0x0000000697400000|  0%| F|  |TAMS 0x0000000697000000, 0x0000000697000000| Untracked 
| 605|0x0000000697400000, 0x0000000697400000, 0x0000000697800000|  0%| F|  |TAMS 0x0000000697400000, 0x0000000697400000| Untracked 
| 606|0x0000000697800000, 0x0000000697800000, 0x0000000697c00000|  0%| F|  |TAMS 0x0000000697800000, 0x0000000697800000| Untracked 
| 607|0x0000000697c00000, 0x0000000697c00000, 0x0000000698000000|  0%| F|  |TAMS 0x0000000697c00000, 0x0000000697c00000| Untracked 
| 608|0x0000000698000000, 0x0000000698000000, 0x0000000698400000|  0%| F|  |TAMS 0x0000000698000000, 0x0000000698000000| Untracked 
| 609|0x0000000698400000, 0x0000000698400000, 0x0000000698800000|  0%| F|  |TAMS 0x0000000698400000, 0x0000000698400000| Untracked 
| 610|0x0000000698800000, 0x0000000698800000, 0x0000000698c00000|  0%| F|  |TAMS 0x0000000698800000, 0x0000000698800000| Untracked 
| 611|0x0000000698c00000, 0x0000000698c00000, 0x0000000699000000|  0%| F|  |TAMS 0x0000000698c00000, 0x0000000698c00000| Untracked 
| 612|0x0000000699000000, 0x0000000699000000, 0x0000000699400000|  0%| F|  |TAMS 0x0000000699000000, 0x0000000699000000| Untracked 
| 613|0x0000000699400000, 0x0000000699400000, 0x0000000699800000|  0%| F|  |TAMS 0x0000000699400000, 0x0000000699400000| Untracked 
| 614|0x0000000699800000, 0x0000000699800000, 0x0000000699c00000|  0%| F|  |TAMS 0x0000000699800000, 0x0000000699800000| Untracked 
| 615|0x0000000699c00000, 0x0000000699c00000, 0x000000069a000000|  0%| F|  |TAMS 0x0000000699c00000, 0x0000000699c00000| Untracked 
| 616|0x000000069a000000, 0x000000069a000000, 0x000000069a400000|  0%| F|  |TAMS 0x000000069a000000, 0x000000069a000000| Untracked 
| 617|0x000000069a400000, 0x000000069a400000, 0x000000069a800000|  0%| F|  |TAMS 0x000000069a400000, 0x000000069a400000| Untracked 
| 618|0x000000069a800000, 0x000000069a800000, 0x000000069ac00000|  0%| F|  |TAMS 0x000000069a800000, 0x000000069a800000| Untracked 
| 619|0x000000069ac00000, 0x000000069ac00000, 0x000000069b000000|  0%| F|  |TAMS 0x000000069ac00000, 0x000000069ac00000| Untracked 
| 620|0x000000069b000000, 0x000000069b000000, 0x000000069b400000|  0%| F|  |TAMS 0x000000069b000000, 0x000000069b000000| Untracked 
| 621|0x000000069b400000, 0x000000069b400000, 0x000000069b800000|  0%| F|  |TAMS 0x000000069b400000, 0x000000069b400000| Untracked 
| 622|0x000000069b800000, 0x000000069b800000, 0x000000069bc00000|  0%| F|  |TAMS 0x000000069b800000, 0x000000069b800000| Untracked 
| 623|0x000000069bc00000, 0x000000069bc00000, 0x000000069c000000|  0%| F|  |TAMS 0x000000069bc00000, 0x000000069bc00000| Untracked 
| 624|0x000000069c000000, 0x000000069c000000, 0x000000069c400000|  0%| F|  |TAMS 0x000000069c000000, 0x000000069c000000| Untracked 
| 625|0x000000069c400000, 0x000000069c400000, 0x000000069c800000|  0%| F|  |TAMS 0x000000069c400000, 0x000000069c400000| Untracked 
| 626|0x000000069c800000, 0x000000069c800000, 0x000000069cc00000|  0%| F|  |TAMS 0x000000069c800000, 0x000000069c800000| Untracked 
| 627|0x000000069cc00000, 0x000000069cc00000, 0x000000069d000000|  0%| F|  |TAMS 0x000000069cc00000, 0x000000069cc00000| Untracked 
| 628|0x000000069d000000, 0x000000069d000000, 0x000000069d400000|  0%| F|  |TAMS 0x000000069d000000, 0x000000069d000000| Untracked 
| 629|0x000000069d400000, 0x000000069d400000, 0x000000069d800000|  0%| F|  |TAMS 0x000000069d400000, 0x000000069d400000| Untracked 
| 630|0x000000069d800000, 0x000000069d800000, 0x000000069dc00000|  0%| F|  |TAMS 0x000000069d800000, 0x000000069d800000| Untracked 
| 631|0x000000069dc00000, 0x000000069dc00000, 0x000000069e000000|  0%| F|  |TAMS 0x000000069dc00000, 0x000000069dc00000| Untracked 
| 632|0x000000069e000000, 0x000000069e000000, 0x000000069e400000|  0%| F|  |TAMS 0x000000069e000000, 0x000000069e000000| Untracked 
| 633|0x000000069e400000, 0x000000069e400000, 0x000000069e800000|  0%| F|  |TAMS 0x000000069e400000, 0x000000069e400000| Untracked 
| 634|0x000000069e800000, 0x000000069e800000, 0x000000069ec00000|  0%| F|  |TAMS 0x000000069e800000, 0x000000069e800000| Untracked 
| 635|0x000000069ec00000, 0x000000069ec00000, 0x000000069f000000|  0%| F|  |TAMS 0x000000069ec00000, 0x000000069ec00000| Untracked 
| 636|0x000000069f000000, 0x000000069f000000, 0x000000069f400000|  0%| F|  |TAMS 0x000000069f000000, 0x000000069f000000| Untracked 
| 637|0x000000069f400000, 0x000000069f400000, 0x000000069f800000|  0%| F|  |TAMS 0x000000069f400000, 0x000000069f400000| Untracked 
| 638|0x000000069f800000, 0x000000069f800000, 0x000000069fc00000|  0%| F|  |TAMS 0x000000069f800000, 0x000000069f800000| Untracked 
| 639|0x000000069fc00000, 0x000000069fc00000, 0x00000006a0000000|  0%| F|  |TAMS 0x000000069fc00000, 0x000000069fc00000| Untracked 
| 640|0x00000006a0000000, 0x00000006a0000000, 0x00000006a0400000|  0%| F|  |TAMS 0x00000006a0000000, 0x00000006a0000000| Untracked 
| 641|0x00000006a0400000, 0x00000006a0400000, 0x00000006a0800000|  0%| F|  |TAMS 0x00000006a0400000, 0x00000006a0400000| Untracked 
| 642|0x00000006a0800000, 0x00000006a0800000, 0x00000006a0c00000|  0%| F|  |TAMS 0x00000006a0800000, 0x00000006a0800000| Untracked 
| 643|0x00000006a0c00000, 0x00000006a0c00000, 0x00000006a1000000|  0%| F|  |TAMS 0x00000006a0c00000, 0x00000006a0c00000| Untracked 
| 644|0x00000006a1000000, 0x00000006a1000000, 0x00000006a1400000|  0%| F|  |TAMS 0x00000006a1000000, 0x00000006a1000000| Untracked 
| 645|0x00000006a1400000, 0x00000006a1400000, 0x00000006a1800000|  0%| F|  |TAMS 0x00000006a1400000, 0x00000006a1400000| Untracked 
| 646|0x00000006a1800000, 0x00000006a1800000, 0x00000006a1c00000|  0%| F|  |TAMS 0x00000006a1800000, 0x00000006a1800000| Untracked 
| 647|0x00000006a1c00000, 0x00000006a1c00000, 0x00000006a2000000|  0%| F|  |TAMS 0x00000006a1c00000, 0x00000006a1c00000| Untracked 
| 648|0x00000006a2000000, 0x00000006a2000000, 0x00000006a2400000|  0%| F|  |TAMS 0x00000006a2000000, 0x00000006a2000000| Untracked 
| 649|0x00000006a2400000, 0x00000006a2400000, 0x00000006a2800000|  0%| F|  |TAMS 0x00000006a2400000, 0x00000006a2400000| Untracked 
| 650|0x00000006a2800000, 0x00000006a2800000, 0x00000006a2c00000|  0%| F|  |TAMS 0x00000006a2800000, 0x00000006a2800000| Untracked 
| 651|0x00000006a2c00000, 0x00000006a2c00000, 0x00000006a3000000|  0%| F|  |TAMS 0x00000006a2c00000, 0x00000006a2c00000| Untracked 
| 652|0x00000006a3000000, 0x00000006a3000000, 0x00000006a3400000|  0%| F|  |TAMS 0x00000006a3000000, 0x00000006a3000000| Untracked 
| 653|0x00000006a3400000, 0x00000006a3400000, 0x00000006a3800000|  0%| F|  |TAMS 0x00000006a3400000, 0x00000006a3400000| Untracked 
| 654|0x00000006a3800000, 0x00000006a3800000, 0x00000006a3c00000|  0%| F|  |TAMS 0x00000006a3800000, 0x00000006a3800000| Untracked 
| 655|0x00000006a3c00000, 0x00000006a3c00000, 0x00000006a4000000|  0%| F|  |TAMS 0x00000006a3c00000, 0x00000006a3c00000| Untracked 
| 656|0x00000006a4000000, 0x00000006a4000000, 0x00000006a4400000|  0%| F|  |TAMS 0x00000006a4000000, 0x00000006a4000000| Untracked 
| 657|0x00000006a4400000, 0x00000006a4400000, 0x00000006a4800000|  0%| F|  |TAMS 0x00000006a4400000, 0x00000006a4400000| Untracked 
| 658|0x00000006a4800000, 0x00000006a4800000, 0x00000006a4c00000|  0%| F|  |TAMS 0x00000006a4800000, 0x00000006a4800000| Untracked 
| 659|0x00000006a4c00000, 0x00000006a4c00000, 0x00000006a5000000|  0%| F|  |TAMS 0x00000006a4c00000, 0x00000006a4c00000| Untracked 
| 660|0x00000006a5000000, 0x00000006a5000000, 0x00000006a5400000|  0%| F|  |TAMS 0x00000006a5000000, 0x00000006a5000000| Untracked 
| 661|0x00000006a5400000, 0x00000006a5400000, 0x00000006a5800000|  0%| F|  |TAMS 0x00000006a5400000, 0x00000006a5400000| Untracked 
| 662|0x00000006a5800000, 0x00000006a5800000, 0x00000006a5c00000|  0%| F|  |TAMS 0x00000006a5800000, 0x00000006a5800000| Untracked 
| 663|0x00000006a5c00000, 0x00000006a5c00000, 0x00000006a6000000|  0%| F|  |TAMS 0x00000006a5c00000, 0x00000006a5c00000| Untracked 
| 664|0x00000006a6000000, 0x00000006a6000000, 0x00000006a6400000|  0%| F|  |TAMS 0x00000006a6000000, 0x00000006a6000000| Untracked 
| 665|0x00000006a6400000, 0x00000006a6400000, 0x00000006a6800000|  0%| F|  |TAMS 0x00000006a6400000, 0x00000006a6400000| Untracked 
| 666|0x00000006a6800000, 0x00000006a6800000, 0x00000006a6c00000|  0%| F|  |TAMS 0x00000006a6800000, 0x00000006a6800000| Untracked 
| 667|0x00000006a6c00000, 0x00000006a6c00000, 0x00000006a7000000|  0%| F|  |TAMS 0x00000006a6c00000, 0x00000006a6c00000| Untracked 
| 668|0x00000006a7000000, 0x00000006a7000000, 0x00000006a7400000|  0%| F|  |TAMS 0x00000006a7000000, 0x00000006a7000000| Untracked 
| 669|0x00000006a7400000, 0x00000006a7400000, 0x00000006a7800000|  0%| F|  |TAMS 0x00000006a7400000, 0x00000006a7400000| Untracked 
| 670|0x00000006a7800000, 0x00000006a7800000, 0x00000006a7c00000|  0%| F|  |TAMS 0x00000006a7800000, 0x00000006a7800000| Untracked 
| 671|0x00000006a7c00000, 0x00000006a7c00000, 0x00000006a8000000|  0%| F|  |TAMS 0x00000006a7c00000, 0x00000006a7c00000| Untracked 
| 672|0x00000006a8000000, 0x00000006a8000000, 0x00000006a8400000|  0%| F|  |TAMS 0x00000006a8000000, 0x00000006a8000000| Untracked 
| 673|0x00000006a8400000, 0x00000006a8400000, 0x00000006a8800000|  0%| F|  |TAMS 0x00000006a8400000, 0x00000006a8400000| Untracked 
| 674|0x00000006a8800000, 0x00000006a8800000, 0x00000006a8c00000|  0%| F|  |TAMS 0x00000006a8800000, 0x00000006a8800000| Untracked 
| 675|0x00000006a8c00000, 0x00000006a8c00000, 0x00000006a9000000|  0%| F|  |TAMS 0x00000006a8c00000, 0x00000006a8c00000| Untracked 
| 676|0x00000006a9000000, 0x00000006a9000000, 0x00000006a9400000|  0%| F|  |TAMS 0x00000006a9000000, 0x00000006a9000000| Untracked 
| 677|0x00000006a9400000, 0x00000006a9400000, 0x00000006a9800000|  0%| F|  |TAMS 0x00000006a9400000, 0x00000006a9400000| Untracked 
| 678|0x00000006a9800000, 0x00000006a9800000, 0x00000006a9c00000|  0%| F|  |TAMS 0x00000006a9800000, 0x00000006a9800000| Untracked 
| 679|0x00000006a9c00000, 0x00000006a9c00000, 0x00000006aa000000|  0%| F|  |TAMS 0x00000006a9c00000, 0x00000006a9c00000| Untracked 
| 680|0x00000006aa000000, 0x00000006aa000000, 0x00000006aa400000|  0%| F|  |TAMS 0x00000006aa000000, 0x00000006aa000000| Untracked 
| 681|0x00000006aa400000, 0x00000006aa400000, 0x00000006aa800000|  0%| F|  |TAMS 0x00000006aa400000, 0x00000006aa400000| Untracked 
| 682|0x00000006aa800000, 0x00000006aa800000, 0x00000006aac00000|  0%| F|  |TAMS 0x00000006aa800000, 0x00000006aa800000| Untracked 
| 683|0x00000006aac00000, 0x00000006aac00000, 0x00000006ab000000|  0%| F|  |TAMS 0x00000006aac00000, 0x00000006aac00000| Untracked 
| 684|0x00000006ab000000, 0x00000006ab000000, 0x00000006ab400000|  0%| F|  |TAMS 0x00000006ab000000, 0x00000006ab000000| Untracked 
| 685|0x00000006ab400000, 0x00000006ab400000, 0x00000006ab800000|  0%| F|  |TAMS 0x00000006ab400000, 0x00000006ab400000| Untracked 
| 686|0x00000006ab800000, 0x00000006ab800000, 0x00000006abc00000|  0%| F|  |TAMS 0x00000006ab800000, 0x00000006ab800000| Untracked 
| 687|0x00000006abc00000, 0x00000006abc00000, 0x00000006ac000000|  0%| F|  |TAMS 0x00000006abc00000, 0x00000006abc00000| Untracked 
| 688|0x00000006ac000000, 0x00000006ac000000, 0x00000006ac400000|  0%| F|  |TAMS 0x00000006ac000000, 0x00000006ac000000| Untracked 
| 689|0x00000006ac400000, 0x00000006ac400000, 0x00000006ac800000|  0%| F|  |TAMS 0x00000006ac400000, 0x00000006ac400000| Untracked 
| 690|0x00000006ac800000, 0x00000006ac800000, 0x00000006acc00000|  0%| F|  |TAMS 0x00000006ac800000, 0x00000006ac800000| Untracked 
| 691|0x00000006acc00000, 0x00000006acc00000, 0x00000006ad000000|  0%| F|  |TAMS 0x00000006acc00000, 0x00000006acc00000| Untracked 
| 692|0x00000006ad000000, 0x00000006ad000000, 0x00000006ad400000|  0%| F|  |TAMS 0x00000006ad000000, 0x00000006ad000000| Untracked 
| 693|0x00000006ad400000, 0x00000006ad400000, 0x00000006ad800000|  0%| F|  |TAMS 0x00000006ad400000, 0x00000006ad400000| Untracked 
| 694|0x00000006ad800000, 0x00000006ad800000, 0x00000006adc00000|  0%| F|  |TAMS 0x00000006ad800000, 0x00000006ad800000| Untracked 
| 695|0x00000006adc00000, 0x00000006adc00000, 0x00000006ae000000|  0%| F|  |TAMS 0x00000006adc00000, 0x00000006adc00000| Untracked 
| 696|0x00000006ae000000, 0x00000006ae000000, 0x00000006ae400000|  0%| F|  |TAMS 0x00000006ae000000, 0x00000006ae000000| Untracked 
| 697|0x00000006ae400000, 0x00000006ae400000, 0x00000006ae800000|  0%| F|  |TAMS 0x00000006ae400000, 0x00000006ae400000| Untracked 
| 698|0x00000006ae800000, 0x00000006ae800000, 0x00000006aec00000|  0%| F|  |TAMS 0x00000006ae800000, 0x00000006ae800000| Untracked 
| 699|0x00000006aec00000, 0x00000006aec00000, 0x00000006af000000|  0%| F|  |TAMS 0x00000006aec00000, 0x00000006aec00000| Untracked 
| 700|0x00000006af000000, 0x00000006af000000, 0x00000006af400000|  0%| F|  |TAMS 0x00000006af000000, 0x00000006af000000| Untracked 
| 701|0x00000006af400000, 0x00000006af400000, 0x00000006af800000|  0%| F|  |TAMS 0x00000006af400000, 0x00000006af400000| Untracked 
| 702|0x00000006af800000, 0x00000006af800000, 0x00000006afc00000|  0%| F|  |TAMS 0x00000006af800000, 0x00000006af800000| Untracked 
| 703|0x00000006afc00000, 0x00000006afc00000, 0x00000006b0000000|  0%| F|  |TAMS 0x00000006afc00000, 0x00000006afc00000| Untracked 
| 704|0x00000006b0000000, 0x00000006b0000000, 0x00000006b0400000|  0%| F|  |TAMS 0x00000006b0000000, 0x00000006b0000000| Untracked 
| 705|0x00000006b0400000, 0x00000006b0400000, 0x00000006b0800000|  0%| F|  |TAMS 0x00000006b0400000, 0x00000006b0400000| Untracked 
| 706|0x00000006b0800000, 0x00000006b0800000, 0x00000006b0c00000|  0%| F|  |TAMS 0x00000006b0800000, 0x00000006b0800000| Untracked 
| 707|0x00000006b0c00000, 0x00000006b0c00000, 0x00000006b1000000|  0%| F|  |TAMS 0x00000006b0c00000, 0x00000006b0c00000| Untracked 
| 708|0x00000006b1000000, 0x00000006b1000000, 0x00000006b1400000|  0%| F|  |TAMS 0x00000006b1000000, 0x00000006b1000000| Untracked 
| 709|0x00000006b1400000, 0x00000006b1400000, 0x00000006b1800000|  0%| F|  |TAMS 0x00000006b1400000, 0x00000006b1400000| Untracked 
| 710|0x00000006b1800000, 0x00000006b1800000, 0x00000006b1c00000|  0%| F|  |TAMS 0x00000006b1800000, 0x00000006b1800000| Untracked 
| 711|0x00000006b1c00000, 0x00000006b1e00000, 0x00000006b2000000| 50%| S|CS|TAMS 0x00000006b1c00000, 0x00000006b1c00000| Complete 
| 712|0x00000006b2000000, 0x00000006b2400000, 0x00000006b2400000|100%| S|CS|TAMS 0x00000006b2000000, 0x00000006b2000000| Complete 
| 713|0x00000006b2400000, 0x00000006b2800000, 0x00000006b2800000|100%| S|CS|TAMS 0x00000006b2400000, 0x00000006b2400000| Complete 
| 714|0x00000006b2800000, 0x00000006b2c00000, 0x00000006b2c00000|100%| S|CS|TAMS 0x00000006b2800000, 0x00000006b2800000| Complete 
| 715|0x00000006b2c00000, 0x00000006b3000000, 0x00000006b3000000|100%| S|CS|TAMS 0x00000006b2c00000, 0x00000006b2c00000| Complete 
| 716|0x00000006b3000000, 0x00000006b3400000, 0x00000006b3400000|100%| S|CS|TAMS 0x00000006b3000000, 0x00000006b3000000| Complete 
| 717|0x00000006b3400000, 0x00000006b3800000, 0x00000006b3800000|100%| S|CS|TAMS 0x00000006b3400000, 0x00000006b3400000| Complete 
| 718|0x00000006b3800000, 0x00000006b3c00000, 0x00000006b3c00000|100%| S|CS|TAMS 0x00000006b3800000, 0x00000006b3800000| Complete 
| 719|0x00000006b3c00000, 0x00000006b4000000, 0x00000006b4000000|100%| S|CS|TAMS 0x00000006b3c00000, 0x00000006b3c00000| Complete 
| 720|0x00000006b4000000, 0x00000006b4400000, 0x00000006b4400000|100%| S|CS|TAMS 0x00000006b4000000, 0x00000006b4000000| Complete 
| 721|0x00000006b4400000, 0x00000006b4800000, 0x00000006b4800000|100%| S|CS|TAMS 0x00000006b4400000, 0x00000006b4400000| Complete 
| 722|0x00000006b4800000, 0x00000006b4c00000, 0x00000006b4c00000|100%| S|CS|TAMS 0x00000006b4800000, 0x00000006b4800000| Complete 
| 723|0x00000006b4c00000, 0x00000006b5000000, 0x00000006b5000000|100%| S|CS|TAMS 0x00000006b4c00000, 0x00000006b4c00000| Complete 
| 724|0x00000006b5000000, 0x00000006b5400000, 0x00000006b5400000|100%| S|CS|TAMS 0x00000006b5000000, 0x00000006b5000000| Complete 
| 725|0x00000006b5400000, 0x00000006b5800000, 0x00000006b5800000|100%| S|CS|TAMS 0x00000006b5400000, 0x00000006b5400000| Complete 
| 726|0x00000006b5800000, 0x00000006b5c00000, 0x00000006b5c00000|100%| S|CS|TAMS 0x00000006b5800000, 0x00000006b5800000| Complete 
| 727|0x00000006b5c00000, 0x00000006b6000000, 0x00000006b6000000|100%| S|CS|TAMS 0x00000006b5c00000, 0x00000006b5c00000| Complete 
| 728|0x00000006b6000000, 0x00000006b6400000, 0x00000006b6400000|100%| S|CS|TAMS 0x00000006b6000000, 0x00000006b6000000| Complete 
| 729|0x00000006b6400000, 0x00000006b6800000, 0x00000006b6800000|100%| S|CS|TAMS 0x00000006b6400000, 0x00000006b6400000| Complete 
| 730|0x00000006b6800000, 0x00000006b6c00000, 0x00000006b6c00000|100%| S|CS|TAMS 0x00000006b6800000, 0x00000006b6800000| Complete 
| 731|0x00000006b6c00000, 0x00000006b7000000, 0x00000006b7000000|100%| S|CS|TAMS 0x00000006b6c00000, 0x00000006b6c00000| Complete 
| 732|0x00000006b7000000, 0x00000006b7400000, 0x00000006b7400000|100%| S|CS|TAMS 0x00000006b7000000, 0x00000006b7000000| Complete 
| 733|0x00000006b7400000, 0x00000006b7800000, 0x00000006b7800000|100%| S|CS|TAMS 0x00000006b7400000, 0x00000006b7400000| Complete 
| 734|0x00000006b7800000, 0x00000006b7c00000, 0x00000006b7c00000|100%| S|CS|TAMS 0x00000006b7800000, 0x00000006b7800000| Complete 
| 735|0x00000006b7c00000, 0x00000006b8000000, 0x00000006b8000000|100%| S|CS|TAMS 0x00000006b7c00000, 0x00000006b7c00000| Complete 
| 736|0x00000006b8000000, 0x00000006b8400000, 0x00000006b8400000|100%| S|CS|TAMS 0x00000006b8000000, 0x00000006b8000000| Complete 
| 737|0x00000006b8400000, 0x00000006b8400000, 0x00000006b8800000|  0%| F|  |TAMS 0x00000006b8400000, 0x00000006b8400000| Untracked 
| 738|0x00000006b8800000, 0x00000006b8800000, 0x00000006b8c00000|  0%| F|  |TAMS 0x00000006b8800000, 0x00000006b8800000| Untracked 
| 739|0x00000006b8c00000, 0x00000006b8c00000, 0x00000006b9000000|  0%| F|  |TAMS 0x00000006b8c00000, 0x00000006b8c00000| Untracked 
| 740|0x00000006b9000000, 0x00000006b9000000, 0x00000006b9400000|  0%| F|  |TAMS 0x00000006b9000000, 0x00000006b9000000| Untracked 
| 741|0x00000006b9400000, 0x00000006b9400000, 0x00000006b9800000|  0%| F|  |TAMS 0x00000006b9400000, 0x00000006b9400000| Untracked 
| 742|0x00000006b9800000, 0x00000006b9800000, 0x00000006b9c00000|  0%| F|  |TAMS 0x00000006b9800000, 0x00000006b9800000| Untracked 
| 743|0x00000006b9c00000, 0x00000006b9c00000, 0x00000006ba000000|  0%| F|  |TAMS 0x00000006b9c00000, 0x00000006b9c00000| Untracked 
| 744|0x00000006ba000000, 0x00000006ba000000, 0x00000006ba400000|  0%| F|  |TAMS 0x00000006ba000000, 0x00000006ba000000| Untracked 
| 745|0x00000006ba400000, 0x00000006ba400000, 0x00000006ba800000|  0%| F|  |TAMS 0x00000006ba400000, 0x00000006ba400000| Untracked 
| 746|0x00000006ba800000, 0x00000006ba800000, 0x00000006bac00000|  0%| F|  |TAMS 0x00000006ba800000, 0x00000006ba800000| Untracked 
| 747|0x00000006bac00000, 0x00000006bac00000, 0x00000006bb000000|  0%| F|  |TAMS 0x00000006bac00000, 0x00000006bac00000| Untracked 
| 748|0x00000006bb000000, 0x00000006bb000000, 0x00000006bb400000|  0%| F|  |TAMS 0x00000006bb000000, 0x00000006bb000000| Untracked 
| 749|0x00000006bb400000, 0x00000006bb400000, 0x00000006bb800000|  0%| F|  |TAMS 0x00000006bb400000, 0x00000006bb400000| Untracked 
| 750|0x00000006bb800000, 0x00000006bb800000, 0x00000006bbc00000|  0%| F|  |TAMS 0x00000006bb800000, 0x00000006bb800000| Untracked 
| 751|0x00000006bbc00000, 0x00000006bbc00000, 0x00000006bc000000|  0%| F|  |TAMS 0x00000006bbc00000, 0x00000006bbc00000| Untracked 
| 752|0x00000006bc000000, 0x00000006bc000000, 0x00000006bc400000|  0%| F|  |TAMS 0x00000006bc000000, 0x00000006bc000000| Untracked 
| 753|0x00000006bc400000, 0x00000006bc400000, 0x00000006bc800000|  0%| F|  |TAMS 0x00000006bc400000, 0x00000006bc400000| Untracked 
| 754|0x00000006bc800000, 0x00000006bc800000, 0x00000006bcc00000|  0%| F|  |TAMS 0x00000006bc800000, 0x00000006bc800000| Untracked 
| 755|0x00000006bcc00000, 0x00000006bcc00000, 0x00000006bd000000|  0%| F|  |TAMS 0x00000006bcc00000, 0x00000006bcc00000| Untracked 
| 756|0x00000006bd000000, 0x00000006bd000000, 0x00000006bd400000|  0%| F|  |TAMS 0x00000006bd000000, 0x00000006bd000000| Untracked 
| 757|0x00000006bd400000, 0x00000006bd400000, 0x00000006bd800000|  0%| F|  |TAMS 0x00000006bd400000, 0x00000006bd400000| Untracked 
| 758|0x00000006bd800000, 0x00000006bd800000, 0x00000006bdc00000|  0%| F|  |TAMS 0x00000006bd800000, 0x00000006bd800000| Untracked 
| 759|0x00000006bdc00000, 0x00000006bdc00000, 0x00000006be000000|  0%| F|  |TAMS 0x00000006bdc00000, 0x00000006bdc00000| Untracked 
| 760|0x00000006be000000, 0x00000006be000000, 0x00000006be400000|  0%| F|  |TAMS 0x00000006be000000, 0x00000006be000000| Untracked 
| 761|0x00000006be400000, 0x00000006be400000, 0x00000006be800000|  0%| F|  |TAMS 0x00000006be400000, 0x00000006be400000| Untracked 
| 762|0x00000006be800000, 0x00000006be800000, 0x00000006bec00000|  0%| F|  |TAMS 0x00000006be800000, 0x00000006be800000| Untracked 
| 763|0x00000006bec00000, 0x00000006bec00000, 0x00000006bf000000|  0%| F|  |TAMS 0x00000006bec00000, 0x00000006bec00000| Untracked 
| 764|0x00000006bf000000, 0x00000006bf000000, 0x00000006bf400000|  0%| F|  |TAMS 0x00000006bf000000, 0x00000006bf000000| Untracked 
| 765|0x00000006bf400000, 0x00000006bf400000, 0x00000006bf800000|  0%| F|  |TAMS 0x00000006bf400000, 0x00000006bf400000| Untracked 
| 766|0x00000006bf800000, 0x00000006bf800000, 0x00000006bfc00000|  0%| F|  |TAMS 0x00000006bf800000, 0x00000006bf800000| Untracked 
| 767|0x00000006bfc00000, 0x00000006bfc00000, 0x00000006c0000000|  0%| F|  |TAMS 0x00000006bfc00000, 0x00000006bfc00000| Untracked 
| 768|0x00000006c0000000, 0x00000006c0000000, 0x00000006c0400000|  0%| F|  |TAMS 0x00000006c0000000, 0x00000006c0000000| Untracked 
| 769|0x00000006c0400000, 0x00000006c0400000, 0x00000006c0800000|  0%| F|  |TAMS 0x00000006c0400000, 0x00000006c0400000| Untracked 
| 770|0x00000006c0800000, 0x00000006c0800000, 0x00000006c0c00000|  0%| F|  |TAMS 0x00000006c0800000, 0x00000006c0800000| Untracked 
| 771|0x00000006c0c00000, 0x00000006c0c00000, 0x00000006c1000000|  0%| F|  |TAMS 0x00000006c0c00000, 0x00000006c0c00000| Untracked 
| 772|0x00000006c1000000, 0x00000006c1000000, 0x00000006c1400000|  0%| F|  |TAMS 0x00000006c1000000, 0x00000006c1000000| Untracked 
| 773|0x00000006c1400000, 0x00000006c1400000, 0x00000006c1800000|  0%| F|  |TAMS 0x00000006c1400000, 0x00000006c1400000| Untracked 
| 774|0x00000006c1800000, 0x00000006c1800000, 0x00000006c1c00000|  0%| F|  |TAMS 0x00000006c1800000, 0x00000006c1800000| Untracked 
| 775|0x00000006c1c00000, 0x00000006c1c00000, 0x00000006c2000000|  0%| F|  |TAMS 0x00000006c1c00000, 0x00000006c1c00000| Untracked 
| 776|0x00000006c2000000, 0x00000006c2000000, 0x00000006c2400000|  0%| F|  |TAMS 0x00000006c2000000, 0x00000006c2000000| Untracked 
| 777|0x00000006c2400000, 0x00000006c2400000, 0x00000006c2800000|  0%| F|  |TAMS 0x00000006c2400000, 0x00000006c2400000| Untracked 
| 778|0x00000006c2800000, 0x00000006c2800000, 0x00000006c2c00000|  0%| F|  |TAMS 0x00000006c2800000, 0x00000006c2800000| Untracked 
| 779|0x00000006c2c00000, 0x00000006c2c00000, 0x00000006c3000000|  0%| F|  |TAMS 0x00000006c2c00000, 0x00000006c2c00000| Untracked 
| 780|0x00000006c3000000, 0x00000006c3000000, 0x00000006c3400000|  0%| F|  |TAMS 0x00000006c3000000, 0x00000006c3000000| Untracked 
| 781|0x00000006c3400000, 0x00000006c3400000, 0x00000006c3800000|  0%| F|  |TAMS 0x00000006c3400000, 0x00000006c3400000| Untracked 
| 782|0x00000006c3800000, 0x00000006c3800000, 0x00000006c3c00000|  0%| F|  |TAMS 0x00000006c3800000, 0x00000006c3800000| Untracked 
| 783|0x00000006c3c00000, 0x00000006c3c00000, 0x00000006c4000000|  0%| F|  |TAMS 0x00000006c3c00000, 0x00000006c3c00000| Untracked 
| 784|0x00000006c4000000, 0x00000006c4000000, 0x00000006c4400000|  0%| F|  |TAMS 0x00000006c4000000, 0x00000006c4000000| Untracked 
| 785|0x00000006c4400000, 0x00000006c4400000, 0x00000006c4800000|  0%| F|  |TAMS 0x00000006c4400000, 0x00000006c4400000| Untracked 
| 786|0x00000006c4800000, 0x00000006c4800000, 0x00000006c4c00000|  0%| F|  |TAMS 0x00000006c4800000, 0x00000006c4800000| Untracked 
| 787|0x00000006c4c00000, 0x00000006c4c00000, 0x00000006c5000000|  0%| F|  |TAMS 0x00000006c4c00000, 0x00000006c4c00000| Untracked 
| 788|0x00000006c5000000, 0x00000006c5000000, 0x00000006c5400000|  0%| F|  |TAMS 0x00000006c5000000, 0x00000006c5000000| Untracked 
| 789|0x00000006c5400000, 0x00000006c5400000, 0x00000006c5800000|  0%| F|  |TAMS 0x00000006c5400000, 0x00000006c5400000| Untracked 
| 790|0x00000006c5800000, 0x00000006c5800000, 0x00000006c5c00000|  0%| F|  |TAMS 0x00000006c5800000, 0x00000006c5800000| Untracked 
| 791|0x00000006c5c00000, 0x00000006c5c00000, 0x00000006c6000000|  0%| F|  |TAMS 0x00000006c5c00000, 0x00000006c5c00000| Untracked 
| 792|0x00000006c6000000, 0x00000006c6000000, 0x00000006c6400000|  0%| F|  |TAMS 0x00000006c6000000, 0x00000006c6000000| Untracked 
| 793|0x00000006c6400000, 0x00000006c6400000, 0x00000006c6800000|  0%| F|  |TAMS 0x00000006c6400000, 0x00000006c6400000| Untracked 
| 794|0x00000006c6800000, 0x00000006c6800000, 0x00000006c6c00000|  0%| F|  |TAMS 0x00000006c6800000, 0x00000006c6800000| Untracked 
| 795|0x00000006c6c00000, 0x00000006c6c00000, 0x00000006c7000000|  0%| F|  |TAMS 0x00000006c6c00000, 0x00000006c6c00000| Untracked 
| 796|0x00000006c7000000, 0x00000006c7000000, 0x00000006c7400000|  0%| F|  |TAMS 0x00000006c7000000, 0x00000006c7000000| Untracked 
| 797|0x00000006c7400000, 0x00000006c7400000, 0x00000006c7800000|  0%| F|  |TAMS 0x00000006c7400000, 0x00000006c7400000| Untracked 
| 798|0x00000006c7800000, 0x00000006c7800000, 0x00000006c7c00000|  0%| F|  |TAMS 0x00000006c7800000, 0x00000006c7800000| Untracked 
| 799|0x00000006c7c00000, 0x00000006c7c00000, 0x00000006c8000000|  0%| F|  |TAMS 0x00000006c7c00000, 0x00000006c7c00000| Untracked 
| 800|0x00000006c8000000, 0x00000006c8000000, 0x00000006c8400000|  0%| F|  |TAMS 0x00000006c8000000, 0x00000006c8000000| Untracked 
| 801|0x00000006c8400000, 0x00000006c8400000, 0x00000006c8800000|  0%| F|  |TAMS 0x00000006c8400000, 0x00000006c8400000| Untracked 
| 802|0x00000006c8800000, 0x00000006c8800000, 0x00000006c8c00000|  0%| F|  |TAMS 0x00000006c8800000, 0x00000006c8800000| Untracked 
| 803|0x00000006c8c00000, 0x00000006c8c00000, 0x00000006c9000000|  0%| F|  |TAMS 0x00000006c8c00000, 0x00000006c8c00000| Untracked 
| 804|0x00000006c9000000, 0x00000006c9000000, 0x00000006c9400000|  0%| F|  |TAMS 0x00000006c9000000, 0x00000006c9000000| Untracked 
| 805|0x00000006c9400000, 0x00000006c9400000, 0x00000006c9800000|  0%| F|  |TAMS 0x00000006c9400000, 0x00000006c9400000| Untracked 
| 806|0x00000006c9800000, 0x00000006c9800000, 0x00000006c9c00000|  0%| F|  |TAMS 0x00000006c9800000, 0x00000006c9800000| Untracked 
| 807|0x00000006c9c00000, 0x00000006c9c00000, 0x00000006ca000000|  0%| F|  |TAMS 0x00000006c9c00000, 0x00000006c9c00000| Untracked 
| 808|0x00000006ca000000, 0x00000006ca000000, 0x00000006ca400000|  0%| F|  |TAMS 0x00000006ca000000, 0x00000006ca000000| Untracked 
| 809|0x00000006ca400000, 0x00000006ca400000, 0x00000006ca800000|  0%| F|  |TAMS 0x00000006ca400000, 0x00000006ca400000| Untracked 
| 810|0x00000006ca800000, 0x00000006ca800000, 0x00000006cac00000|  0%| F|  |TAMS 0x00000006ca800000, 0x00000006ca800000| Untracked 
| 811|0x00000006cac00000, 0x00000006cac00000, 0x00000006cb000000|  0%| F|  |TAMS 0x00000006cac00000, 0x00000006cac00000| Untracked 
| 812|0x00000006cb000000, 0x00000006cb000000, 0x00000006cb400000|  0%| F|  |TAMS 0x00000006cb000000, 0x00000006cb000000| Untracked 
| 813|0x00000006cb400000, 0x00000006cb400000, 0x00000006cb800000|  0%| F|  |TAMS 0x00000006cb400000, 0x00000006cb400000| Untracked 
| 814|0x00000006cb800000, 0x00000006cb800000, 0x00000006cbc00000|  0%| F|  |TAMS 0x00000006cb800000, 0x00000006cb800000| Untracked 
| 815|0x00000006cbc00000, 0x00000006cbc00000, 0x00000006cc000000|  0%| F|  |TAMS 0x00000006cbc00000, 0x00000006cbc00000| Untracked 
| 816|0x00000006cc000000, 0x00000006cc000000, 0x00000006cc400000|  0%| F|  |TAMS 0x00000006cc000000, 0x00000006cc000000| Untracked 
| 817|0x00000006cc400000, 0x00000006cc400000, 0x00000006cc800000|  0%| F|  |TAMS 0x00000006cc400000, 0x00000006cc400000| Untracked 
| 818|0x00000006cc800000, 0x00000006cc800000, 0x00000006ccc00000|  0%| F|  |TAMS 0x00000006cc800000, 0x00000006cc800000| Untracked 
| 819|0x00000006ccc00000, 0x00000006ccc00000, 0x00000006cd000000|  0%| F|  |TAMS 0x00000006ccc00000, 0x00000006ccc00000| Untracked 
| 820|0x00000006cd000000, 0x00000006cd000000, 0x00000006cd400000|  0%| F|  |TAMS 0x00000006cd000000, 0x00000006cd000000| Untracked 
| 821|0x00000006cd400000, 0x00000006cd400000, 0x00000006cd800000|  0%| F|  |TAMS 0x00000006cd400000, 0x00000006cd400000| Untracked 
| 822|0x00000006cd800000, 0x00000006cd800000, 0x00000006cdc00000|  0%| F|  |TAMS 0x00000006cd800000, 0x00000006cd800000| Untracked 
| 823|0x00000006cdc00000, 0x00000006cdc00000, 0x00000006ce000000|  0%| F|  |TAMS 0x00000006cdc00000, 0x00000006cdc00000| Untracked 
| 824|0x00000006ce000000, 0x00000006ce000000, 0x00000006ce400000|  0%| F|  |TAMS 0x00000006ce000000, 0x00000006ce000000| Untracked 
| 825|0x00000006ce400000, 0x00000006ce400000, 0x00000006ce800000|  0%| F|  |TAMS 0x00000006ce400000, 0x00000006ce400000| Untracked 
| 826|0x00000006ce800000, 0x00000006ce800000, 0x00000006cec00000|  0%| F|  |TAMS 0x00000006ce800000, 0x00000006ce800000| Untracked 
| 827|0x00000006cec00000, 0x00000006cec00000, 0x00000006cf000000|  0%| F|  |TAMS 0x00000006cec00000, 0x00000006cec00000| Untracked 
| 828|0x00000006cf000000, 0x00000006cf000000, 0x00000006cf400000|  0%| F|  |TAMS 0x00000006cf000000, 0x00000006cf000000| Untracked 
| 829|0x00000006cf400000, 0x00000006cf400000, 0x00000006cf800000|  0%| F|  |TAMS 0x00000006cf400000, 0x00000006cf400000| Untracked 
| 830|0x00000006cf800000, 0x00000006cf800000, 0x00000006cfc00000|  0%| F|  |TAMS 0x00000006cf800000, 0x00000006cf800000| Untracked 
| 831|0x00000006cfc00000, 0x00000006cfc00000, 0x00000006d0000000|  0%| F|  |TAMS 0x00000006cfc00000, 0x00000006cfc00000| Untracked 
| 832|0x00000006d0000000, 0x00000006d0000000, 0x00000006d0400000|  0%| F|  |TAMS 0x00000006d0000000, 0x00000006d0000000| Untracked 
| 833|0x00000006d0400000, 0x00000006d0400000, 0x00000006d0800000|  0%| F|  |TAMS 0x00000006d0400000, 0x00000006d0400000| Untracked 
| 834|0x00000006d0800000, 0x00000006d0800000, 0x00000006d0c00000|  0%| F|  |TAMS 0x00000006d0800000, 0x00000006d0800000| Untracked 
| 835|0x00000006d0c00000, 0x00000006d0c00000, 0x00000006d1000000|  0%| F|  |TAMS 0x00000006d0c00000, 0x00000006d0c00000| Untracked 
| 836|0x00000006d1000000, 0x00000006d1000000, 0x00000006d1400000|  0%| F|  |TAMS 0x00000006d1000000, 0x00000006d1000000| Untracked 
| 837|0x00000006d1400000, 0x00000006d1400000, 0x00000006d1800000|  0%| F|  |TAMS 0x00000006d1400000, 0x00000006d1400000| Untracked 
| 838|0x00000006d1800000, 0x00000006d1800000, 0x00000006d1c00000|  0%| F|  |TAMS 0x00000006d1800000, 0x00000006d1800000| Untracked 
| 839|0x00000006d1c00000, 0x00000006d1c00000, 0x00000006d2000000|  0%| F|  |TAMS 0x00000006d1c00000, 0x00000006d1c00000| Untracked 
| 840|0x00000006d2000000, 0x00000006d2000000, 0x00000006d2400000|  0%| F|  |TAMS 0x00000006d2000000, 0x00000006d2000000| Untracked 
| 841|0x00000006d2400000, 0x00000006d2400000, 0x00000006d2800000|  0%| F|  |TAMS 0x00000006d2400000, 0x00000006d2400000| Untracked 
| 842|0x00000006d2800000, 0x00000006d2800000, 0x00000006d2c00000|  0%| F|  |TAMS 0x00000006d2800000, 0x00000006d2800000| Untracked 
| 843|0x00000006d2c00000, 0x00000006d2c00000, 0x00000006d3000000|  0%| F|  |TAMS 0x00000006d2c00000, 0x00000006d2c00000| Untracked 
| 844|0x00000006d3000000, 0x00000006d3000000, 0x00000006d3400000|  0%| F|  |TAMS 0x00000006d3000000, 0x00000006d3000000| Untracked 
| 845|0x00000006d3400000, 0x00000006d3400000, 0x00000006d3800000|  0%| F|  |TAMS 0x00000006d3400000, 0x00000006d3400000| Untracked 
| 846|0x00000006d3800000, 0x00000006d3800000, 0x00000006d3c00000|  0%| F|  |TAMS 0x00000006d3800000, 0x00000006d3800000| Untracked 
| 847|0x00000006d3c00000, 0x00000006d3c00000, 0x00000006d4000000|  0%| F|  |TAMS 0x00000006d3c00000, 0x00000006d3c00000| Untracked 
| 848|0x00000006d4000000, 0x00000006d4000000, 0x00000006d4400000|  0%| F|  |TAMS 0x00000006d4000000, 0x00000006d4000000| Untracked 
| 849|0x00000006d4400000, 0x00000006d4400000, 0x00000006d4800000|  0%| F|  |TAMS 0x00000006d4400000, 0x00000006d4400000| Untracked 
| 850|0x00000006d4800000, 0x00000006d4800000, 0x00000006d4c00000|  0%| F|  |TAMS 0x00000006d4800000, 0x00000006d4800000| Untracked 
| 851|0x00000006d4c00000, 0x00000006d4c00000, 0x00000006d5000000|  0%| F|  |TAMS 0x00000006d4c00000, 0x00000006d4c00000| Untracked 
| 852|0x00000006d5000000, 0x00000006d5000000, 0x00000006d5400000|  0%| F|  |TAMS 0x00000006d5000000, 0x00000006d5000000| Untracked 
| 853|0x00000006d5400000, 0x00000006d5400000, 0x00000006d5800000|  0%| F|  |TAMS 0x00000006d5400000, 0x00000006d5400000| Untracked 
| 854|0x00000006d5800000, 0x00000006d5800000, 0x00000006d5c00000|  0%| F|  |TAMS 0x00000006d5800000, 0x00000006d5800000| Untracked 
| 855|0x00000006d5c00000, 0x00000006d5c00000, 0x00000006d6000000|  0%| F|  |TAMS 0x00000006d5c00000, 0x00000006d5c00000| Untracked 
| 856|0x00000006d6000000, 0x00000006d6000000, 0x00000006d6400000|  0%| F|  |TAMS 0x00000006d6000000, 0x00000006d6000000| Untracked 
| 857|0x00000006d6400000, 0x00000006d6400000, 0x00000006d6800000|  0%| F|  |TAMS 0x00000006d6400000, 0x00000006d6400000| Untracked 
| 858|0x00000006d6800000, 0x00000006d6800000, 0x00000006d6c00000|  0%| F|  |TAMS 0x00000006d6800000, 0x00000006d6800000| Untracked 
| 859|0x00000006d6c00000, 0x00000006d6c00000, 0x00000006d7000000|  0%| F|  |TAMS 0x00000006d6c00000, 0x00000006d6c00000| Untracked 
| 860|0x00000006d7000000, 0x00000006d7000000, 0x00000006d7400000|  0%| F|  |TAMS 0x00000006d7000000, 0x00000006d7000000| Untracked 
| 861|0x00000006d7400000, 0x00000006d7400000, 0x00000006d7800000|  0%| F|  |TAMS 0x00000006d7400000, 0x00000006d7400000| Untracked 
| 862|0x00000006d7800000, 0x00000006d7800000, 0x00000006d7c00000|  0%| F|  |TAMS 0x00000006d7800000, 0x00000006d7800000| Untracked 
| 863|0x00000006d7c00000, 0x00000006d7c00000, 0x00000006d8000000|  0%| F|  |TAMS 0x00000006d7c00000, 0x00000006d7c00000| Untracked 
| 864|0x00000006d8000000, 0x00000006d8000000, 0x00000006d8400000|  0%| F|  |TAMS 0x00000006d8000000, 0x00000006d8000000| Untracked 
| 865|0x00000006d8400000, 0x00000006d8400000, 0x00000006d8800000|  0%| F|  |TAMS 0x00000006d8400000, 0x00000006d8400000| Untracked 
| 866|0x00000006d8800000, 0x00000006d8800000, 0x00000006d8c00000|  0%| F|  |TAMS 0x00000006d8800000, 0x00000006d8800000| Untracked 
| 867|0x00000006d8c00000, 0x00000006d8c00000, 0x00000006d9000000|  0%| F|  |TAMS 0x00000006d8c00000, 0x00000006d8c00000| Untracked 
| 868|0x00000006d9000000, 0x00000006d9000000, 0x00000006d9400000|  0%| F|  |TAMS 0x00000006d9000000, 0x00000006d9000000| Untracked 
| 869|0x00000006d9400000, 0x00000006d9400000, 0x00000006d9800000|  0%| F|  |TAMS 0x00000006d9400000, 0x00000006d9400000| Untracked 
| 870|0x00000006d9800000, 0x00000006d9800000, 0x00000006d9c00000|  0%| F|  |TAMS 0x00000006d9800000, 0x00000006d9800000| Untracked 
| 871|0x00000006d9c00000, 0x00000006d9c00000, 0x00000006da000000|  0%| F|  |TAMS 0x00000006d9c00000, 0x00000006d9c00000| Untracked 
| 872|0x00000006da000000, 0x00000006da000000, 0x00000006da400000|  0%| F|  |TAMS 0x00000006da000000, 0x00000006da000000| Untracked 
| 873|0x00000006da400000, 0x00000006da400000, 0x00000006da800000|  0%| F|  |TAMS 0x00000006da400000, 0x00000006da400000| Untracked 
| 874|0x00000006da800000, 0x00000006da800000, 0x00000006dac00000|  0%| F|  |TAMS 0x00000006da800000, 0x00000006da800000| Untracked 
| 875|0x00000006dac00000, 0x00000006dac00000, 0x00000006db000000|  0%| F|  |TAMS 0x00000006dac00000, 0x00000006dac00000| Untracked 
| 876|0x00000006db000000, 0x00000006db000000, 0x00000006db400000|  0%| F|  |TAMS 0x00000006db000000, 0x00000006db000000| Untracked 
| 877|0x00000006db400000, 0x00000006db400000, 0x00000006db800000|  0%| F|  |TAMS 0x00000006db400000, 0x00000006db400000| Untracked 
| 878|0x00000006db800000, 0x00000006db800000, 0x00000006dbc00000|  0%| F|  |TAMS 0x00000006db800000, 0x00000006db800000| Untracked 
| 879|0x00000006dbc00000, 0x00000006dbc00000, 0x00000006dc000000|  0%| F|  |TAMS 0x00000006dbc00000, 0x00000006dbc00000| Untracked 
| 880|0x00000006dc000000, 0x00000006dc000000, 0x00000006dc400000|  0%| F|  |TAMS 0x00000006dc000000, 0x00000006dc000000| Untracked 
| 881|0x00000006dc400000, 0x00000006dc400000, 0x00000006dc800000|  0%| F|  |TAMS 0x00000006dc400000, 0x00000006dc400000| Untracked 
| 882|0x00000006dc800000, 0x00000006dc800000, 0x00000006dcc00000|  0%| F|  |TAMS 0x00000006dc800000, 0x00000006dc800000| Untracked 
| 883|0x00000006dcc00000, 0x00000006dcc00000, 0x00000006dd000000|  0%| F|  |TAMS 0x00000006dcc00000, 0x00000006dcc00000| Untracked 
| 884|0x00000006dd000000, 0x00000006dd000000, 0x00000006dd400000|  0%| F|  |TAMS 0x00000006dd000000, 0x00000006dd000000| Untracked 
| 885|0x00000006dd400000, 0x00000006dd400000, 0x00000006dd800000|  0%| F|  |TAMS 0x00000006dd400000, 0x00000006dd400000| Untracked 
| 886|0x00000006dd800000, 0x00000006dd800000, 0x00000006ddc00000|  0%| F|  |TAMS 0x00000006dd800000, 0x00000006dd800000| Untracked 
| 887|0x00000006ddc00000, 0x00000006ddf02f60, 0x00000006de000000| 75%| E|  |TAMS 0x00000006ddc00000, 0x00000006ddc00000| Complete 
| 888|0x00000006de000000, 0x00000006de400000, 0x00000006de400000|100%| E|CS|TAMS 0x00000006de000000, 0x00000006de000000| Complete 
| 889|0x00000006de400000, 0x00000006de800000, 0x00000006de800000|100%| E|CS|TAMS 0x00000006de400000, 0x00000006de400000| Complete 
| 890|0x00000006de800000, 0x00000006dec00000, 0x00000006dec00000|100%| E|CS|TAMS 0x00000006de800000, 0x00000006de800000| Complete 
| 891|0x00000006dec00000, 0x00000006df000000, 0x00000006df000000|100%| E|CS|TAMS 0x00000006dec00000, 0x00000006dec00000| Complete 
| 892|0x00000006df000000, 0x00000006df400000, 0x00000006df400000|100%| E|CS|TAMS 0x00000006df000000, 0x00000006df000000| Complete 
| 893|0x00000006df400000, 0x00000006df800000, 0x00000006df800000|100%| E|CS|TAMS 0x00000006df400000, 0x00000006df400000| Complete 
| 894|0x00000006df800000, 0x00000006dfc00000, 0x00000006dfc00000|100%| E|CS|TAMS 0x00000006df800000, 0x00000006df800000| Complete 
| 895|0x00000006dfc00000, 0x00000006e0000000, 0x00000006e0000000|100%| E|CS|TAMS 0x00000006dfc00000, 0x00000006dfc00000| Complete 
| 896|0x00000006e0000000, 0x00000006e0400000, 0x00000006e0400000|100%| E|CS|TAMS 0x00000006e0000000, 0x00000006e0000000| Complete 
| 897|0x00000006e0400000, 0x00000006e0800000, 0x00000006e0800000|100%| E|CS|TAMS 0x00000006e0400000, 0x00000006e0400000| Complete 
| 898|0x00000006e0800000, 0x00000006e0c00000, 0x00000006e0c00000|100%| E|CS|TAMS 0x00000006e0800000, 0x00000006e0800000| Complete 
| 899|0x00000006e0c00000, 0x00000006e1000000, 0x00000006e1000000|100%| E|CS|TAMS 0x00000006e0c00000, 0x00000006e0c00000| Complete 
| 900|0x00000006e1000000, 0x00000006e1400000, 0x00000006e1400000|100%| E|CS|TAMS 0x00000006e1000000, 0x00000006e1000000| Complete 
| 901|0x00000006e1400000, 0x00000006e1800000, 0x00000006e1800000|100%| E|CS|TAMS 0x00000006e1400000, 0x00000006e1400000| Complete 
| 902|0x00000006e1800000, 0x00000006e1c00000, 0x00000006e1c00000|100%| E|CS|TAMS 0x00000006e1800000, 0x00000006e1800000| Complete 
| 903|0x00000006e1c00000, 0x00000006e2000000, 0x00000006e2000000|100%| E|CS|TAMS 0x00000006e1c00000, 0x00000006e1c00000| Complete 
| 904|0x00000006e2000000, 0x00000006e2400000, 0x00000006e2400000|100%| E|CS|TAMS 0x00000006e2000000, 0x00000006e2000000| Complete 
| 905|0x00000006e2400000, 0x00000006e2800000, 0x00000006e2800000|100%| E|CS|TAMS 0x00000006e2400000, 0x00000006e2400000| Complete 
| 906|0x00000006e2800000, 0x00000006e2c00000, 0x00000006e2c00000|100%| E|CS|TAMS 0x00000006e2800000, 0x00000006e2800000| Complete 
| 907|0x00000006e2c00000, 0x00000006e3000000, 0x00000006e3000000|100%| E|CS|TAMS 0x00000006e2c00000, 0x00000006e2c00000| Complete 
| 908|0x00000006e3000000, 0x00000006e3400000, 0x00000006e3400000|100%| E|CS|TAMS 0x00000006e3000000, 0x00000006e3000000| Complete 
| 909|0x00000006e3400000, 0x00000006e3800000, 0x00000006e3800000|100%| E|CS|TAMS 0x00000006e3400000, 0x00000006e3400000| Complete 
| 910|0x00000006e3800000, 0x00000006e3c00000, 0x00000006e3c00000|100%| E|CS|TAMS 0x00000006e3800000, 0x00000006e3800000| Complete 
| 911|0x00000006e3c00000, 0x00000006e4000000, 0x00000006e4000000|100%| E|CS|TAMS 0x00000006e3c00000, 0x00000006e3c00000| Complete 
| 912|0x00000006e4000000, 0x00000006e4400000, 0x00000006e4400000|100%| E|CS|TAMS 0x00000006e4000000, 0x00000006e4000000| Complete 
| 913|0x00000006e4400000, 0x00000006e4800000, 0x00000006e4800000|100%| E|CS|TAMS 0x00000006e4400000, 0x00000006e4400000| Complete 
| 914|0x00000006e4800000, 0x00000006e4c00000, 0x00000006e4c00000|100%| E|CS|TAMS 0x00000006e4800000, 0x00000006e4800000| Complete 
| 915|0x00000006e4c00000, 0x00000006e5000000, 0x00000006e5000000|100%| E|CS|TAMS 0x00000006e4c00000, 0x00000006e4c00000| Complete 
| 916|0x00000006e5000000, 0x00000006e5400000, 0x00000006e5400000|100%| E|CS|TAMS 0x00000006e5000000, 0x00000006e5000000| Complete 
| 917|0x00000006e5400000, 0x00000006e5800000, 0x00000006e5800000|100%| E|CS|TAMS 0x00000006e5400000, 0x00000006e5400000| Complete 
| 918|0x00000006e5800000, 0x00000006e5c00000, 0x00000006e5c00000|100%| E|CS|TAMS 0x00000006e5800000, 0x00000006e5800000| Complete 
| 919|0x00000006e5c00000, 0x00000006e6000000, 0x00000006e6000000|100%| E|CS|TAMS 0x00000006e5c00000, 0x00000006e5c00000| Complete 
| 920|0x00000006e6000000, 0x00000006e6400000, 0x00000006e6400000|100%| E|CS|TAMS 0x00000006e6000000, 0x00000006e6000000| Complete 
| 921|0x00000006e6400000, 0x00000006e6800000, 0x00000006e6800000|100%| E|CS|TAMS 0x00000006e6400000, 0x00000006e6400000| Complete 
| 922|0x00000006e6800000, 0x00000006e6c00000, 0x00000006e6c00000|100%| E|CS|TAMS 0x00000006e6800000, 0x00000006e6800000| Complete 
| 923|0x00000006e6c00000, 0x00000006e7000000, 0x00000006e7000000|100%| E|CS|TAMS 0x00000006e6c00000, 0x00000006e6c00000| Complete 
| 924|0x00000006e7000000, 0x00000006e7400000, 0x00000006e7400000|100%| E|CS|TAMS 0x00000006e7000000, 0x00000006e7000000| Complete 
| 925|0x00000006e7400000, 0x00000006e7800000, 0x00000006e7800000|100%| E|CS|TAMS 0x00000006e7400000, 0x00000006e7400000| Complete 
| 926|0x00000006e7800000, 0x00000006e7c00000, 0x00000006e7c00000|100%| E|CS|TAMS 0x00000006e7800000, 0x00000006e7800000| Complete 
| 927|0x00000006e7c00000, 0x00000006e8000000, 0x00000006e8000000|100%| E|CS|TAMS 0x00000006e7c00000, 0x00000006e7c00000| Complete 
| 928|0x00000006e8000000, 0x00000006e8400000, 0x00000006e8400000|100%| E|CS|TAMS 0x00000006e8000000, 0x00000006e8000000| Complete 
| 929|0x00000006e8400000, 0x00000006e8800000, 0x00000006e8800000|100%| E|CS|TAMS 0x00000006e8400000, 0x00000006e8400000| Complete 
| 930|0x00000006e8800000, 0x00000006e8c00000, 0x00000006e8c00000|100%| E|CS|TAMS 0x00000006e8800000, 0x00000006e8800000| Complete 
| 931|0x00000006e8c00000, 0x00000006e9000000, 0x00000006e9000000|100%| E|CS|TAMS 0x00000006e8c00000, 0x00000006e8c00000| Complete 
| 932|0x00000006e9000000, 0x00000006e9400000, 0x00000006e9400000|100%| E|CS|TAMS 0x00000006e9000000, 0x00000006e9000000| Complete 
| 933|0x00000006e9400000, 0x00000006e9800000, 0x00000006e9800000|100%| E|CS|TAMS 0x00000006e9400000, 0x00000006e9400000| Complete 
| 934|0x00000006e9800000, 0x00000006e9c00000, 0x00000006e9c00000|100%| E|CS|TAMS 0x00000006e9800000, 0x00000006e9800000| Complete 
| 935|0x00000006e9c00000, 0x00000006ea000000, 0x00000006ea000000|100%| E|CS|TAMS 0x00000006e9c00000, 0x00000006e9c00000| Complete 
| 936|0x00000006ea000000, 0x00000006ea400000, 0x00000006ea400000|100%| E|CS|TAMS 0x00000006ea000000, 0x00000006ea000000| Complete 
| 937|0x00000006ea400000, 0x00000006ea800000, 0x00000006ea800000|100%| E|CS|TAMS 0x00000006ea400000, 0x00000006ea400000| Complete 
| 938|0x00000006ea800000, 0x00000006eac00000, 0x00000006eac00000|100%| E|CS|TAMS 0x00000006ea800000, 0x00000006ea800000| Complete 
| 939|0x00000006eac00000, 0x00000006eb000000, 0x00000006eb000000|100%| E|CS|TAMS 0x00000006eac00000, 0x00000006eac00000| Complete 
| 940|0x00000006eb000000, 0x00000006eb400000, 0x00000006eb400000|100%| E|CS|TAMS 0x00000006eb000000, 0x00000006eb000000| Complete 
| 941|0x00000006eb400000, 0x00000006eb800000, 0x00000006eb800000|100%| E|CS|TAMS 0x00000006eb400000, 0x00000006eb400000| Complete 
| 942|0x00000006eb800000, 0x00000006ebc00000, 0x00000006ebc00000|100%| E|CS|TAMS 0x00000006eb800000, 0x00000006eb800000| Complete 
| 943|0x00000006ebc00000, 0x00000006ec000000, 0x00000006ec000000|100%| E|CS|TAMS 0x00000006ebc00000, 0x00000006ebc00000| Complete 
| 944|0x00000006ec000000, 0x00000006ec400000, 0x00000006ec400000|100%| E|CS|TAMS 0x00000006ec000000, 0x00000006ec000000| Complete 
| 945|0x00000006ec400000, 0x00000006ec800000, 0x00000006ec800000|100%| E|CS|TAMS 0x00000006ec400000, 0x00000006ec400000| Complete 
| 946|0x00000006ec800000, 0x00000006ecc00000, 0x00000006ecc00000|100%| E|CS|TAMS 0x00000006ec800000, 0x00000006ec800000| Complete 
| 947|0x00000006ecc00000, 0x00000006ed000000, 0x00000006ed000000|100%| E|CS|TAMS 0x00000006ecc00000, 0x00000006ecc00000| Complete 
| 948|0x00000006ed000000, 0x00000006ed400000, 0x00000006ed400000|100%| E|CS|TAMS 0x00000006ed000000, 0x00000006ed000000| Complete 
| 949|0x00000006ed400000, 0x00000006ed800000, 0x00000006ed800000|100%| E|CS|TAMS 0x00000006ed400000, 0x00000006ed400000| Complete 
| 950|0x00000006ed800000, 0x00000006edc00000, 0x00000006edc00000|100%| E|CS|TAMS 0x00000006ed800000, 0x00000006ed800000| Complete 
| 951|0x00000006edc00000, 0x00000006ee000000, 0x00000006ee000000|100%| E|CS|TAMS 0x00000006edc00000, 0x00000006edc00000| Complete 
| 952|0x00000006ee000000, 0x00000006ee400000, 0x00000006ee400000|100%| E|CS|TAMS 0x00000006ee000000, 0x00000006ee000000| Complete 
| 953|0x00000006ee400000, 0x00000006ee800000, 0x00000006ee800000|100%| E|CS|TAMS 0x00000006ee400000, 0x00000006ee400000| Complete 
| 954|0x00000006ee800000, 0x00000006eec00000, 0x00000006eec00000|100%| E|CS|TAMS 0x00000006ee800000, 0x00000006ee800000| Complete 
| 955|0x00000006eec00000, 0x00000006ef000000, 0x00000006ef000000|100%| E|CS|TAMS 0x00000006eec00000, 0x00000006eec00000| Complete 
| 956|0x00000006ef000000, 0x00000006ef400000, 0x00000006ef400000|100%| E|CS|TAMS 0x00000006ef000000, 0x00000006ef000000| Complete 
| 957|0x00000006ef400000, 0x00000006ef800000, 0x00000006ef800000|100%| E|CS|TAMS 0x00000006ef400000, 0x00000006ef400000| Complete 
| 958|0x00000006ef800000, 0x00000006efc00000, 0x00000006efc00000|100%| E|CS|TAMS 0x00000006ef800000, 0x00000006ef800000| Complete 

Card table byte_map: [0x00000118a8a60000,0x00000118a9a60000] _byte_map_base: 0x00000118a5a60000

Marking Bits (Prev, Next): (CMBitMap*) 0x00000118ffacbb40, (CMBitMap*) 0x00000118ffacbb80
 Prev Bits: [0x00000118aaa60000, 0x00000118b2a60000)
 Next Bits: [0x00000118b2a60000, 0x00000118baa60000)

Polling page: 0x00000118fd950000

Metaspace:

Usage:
  Non-class:    331.80 MB used.
      Class:     47.10 MB used.
       Both:    378.90 MB used.

Virtual space:
  Non-class space:      336.00 MB reserved,     333.62 MB (>99%) committed,  42 nodes.
      Class space:        1.00 GB reserved,      49.06 MB (  5%) committed,  1 nodes.
             Both:        1.33 GB reserved,     382.69 MB ( 28%) committed. 

Chunk freelists:
   Non-Class:  1.86 MB
       Class:  3.22 MB
        Both:  5.08 MB

MaxMetaspaceSize: 4.00 GB
CompressedClassSpaceSize: 1.00 GB
Initial GC threshold: 21.00 MB
Current GC threshold: 636.19 MB
CDS: on
MetaspaceReclaimPolicy: balanced
 - commit_granule_bytes: 65536.
 - commit_granule_words: 8192.
 - virtual_space_node_default_size: 1048576.
 - enlarge_chunks_in_place: 1.
 - new_chunks_are_fully_committed: 0.
 - uncommit_free_chunks: 1.
 - use_allocation_guard: 0.
 - handle_deallocations: 1.


Internal statistics:

num_allocs_failed_limit: 12.
num_arena_births: 6716.
num_arena_deaths: 448.
num_vsnodes_births: 43.
num_vsnodes_deaths: 0.
num_space_committed: 6153.
num_space_uncommitted: 37.
num_chunks_returned_to_freelist: 940.
num_chunks_taken_from_freelist: 24179.
num_chunk_merges: 297.
num_chunk_splits: 15901.
num_chunks_enlarged: 10516.
num_purges: 6.
num_inconsistent_stats: 0.

CodeHeap 'non-profiled nmethods': size=259264Kb used=60473Kb max_used=60473Kb free=198790Kb
 bounds [0x0000011897a00000, 0x000001189b510000, 0x00000118a7730000]
CodeHeap 'profiled nmethods': size=259264Kb used=164682Kb max_used=166491Kb free=94581Kb
 bounds [0x0000011887cd0000, 0x0000011891fc0000, 0x0000011897a00000]
CodeHeap 'non-nmethods': size=5760Kb used=2273Kb max_used=2364Kb free=3486Kb
 bounds [0x0000011887730000, 0x00000118879a0000, 0x0000011887cd0000]
 total_blobs=66873 nmethods=65417 adapters=1363
 compilation: enabled
              stopped_count=0, restarted_count=0
 full_count=0

Compilation events (20 events):
Event: 4201.317 Thread 0x00000118e9a938e0 nmethod 94295 0x000001189b50d790 code [0x000001189b50d920, 0x000001189b50d9c8]
Event: 4201.317 Thread 0x00000118e9a938e0 94296       4       org.jetbrains.kotlin.fir.resolve.FirRegularTowerDataContexts::<init> (31 bytes)
Event: 4201.318 Thread 0x00000118bd2afff0 94392       3       com.android.tools.r8.internal.ff1$$Lambda$6592/0x0000000802dd9010::test (8 bytes)
Event: 4201.319 Thread 0x00000118bd2afff0 nmethod 94392 0x0000011890315990 code [0x0000011890315b40, 0x0000011890315e08]
Event: 4201.325 Thread 0x00000118e9a938e0 nmethod 94296 0x000001189b50da90 code [0x000001189b50dc20, 0x000001189b50e068]
Event: 4201.325 Thread 0x00000118e9a938e0 94259       4       org.jetbrains.kotlin.fir.resolve.calls.FirCallResolver$$Lambda$10214/0x0000000803af0688::invoke (28 bytes)
Event: 4201.327 Thread 0x00000118bd2afff0 94394       1       com.android.tools.r8.internal.oq2::V1 (2 bytes)
Event: 4201.328 Thread 0x00000118bd2afff0 nmethod 94394 0x000001189b50e190 code [0x000001189b50e320, 0x000001189b50e3f8]
Event: 4201.385 Thread 0x00000118bd2afff0 94396       3       org.jetbrains.kotlin.fir.expressions.FirExpressionUtilKt::getDispatchReceiver (23 bytes)
Event: 4201.386 Thread 0x00000118bd2afff0 nmethod 94396 0x000001188ecdd110 code [0x000001188ecdd340, 0x000001188ecdda38]
Event: 4201.386 Thread 0x00000118bd2afff0 94397       3       org.jetbrains.kotlin.fir.expressions.FirExpressionUtilKt::getExtensionReceiver (23 bytes)
Event: 4201.388 Thread 0x00000118bd2afff0 nmethod 94397 0x000001188f036910 code [0x000001188f036b40, 0x000001188f037238]
Event: 4201.388 Thread 0x00000118bd2afff0 94398       3       org.jetbrains.kotlin.fir.expressions.FirExpressionUtilKt::getContextArguments (26 bytes)
Event: 4201.390 Thread 0x00000118bd2afff0 nmethod 94398 0x000001188f1e6610 code [0x000001188f1e6840, 0x000001188f1e6f68]
Event: 4201.437 Thread 0x00000118bd2afff0 94400       3       org.jetbrains.kotlin.fir.symbols.impl.FirSyntheticPropertySymbol::getSetterSymbol (8 bytes)
Event: 4201.438 Thread 0x00000118bd2afff0 nmethod 94400 0x000001188da1d490 code [0x000001188da1d680, 0x000001188da1dbe8]
Event: 4201.498 Thread 0x00000118bd2afff0 94401       3       org.jetbrains.kotlin.fir.scopes.impl.FirFakeOverrideGenerator::createSubstitutionOverrideFunction (55 bytes)
Event: 4201.501 Thread 0x00000118bd2afff0 nmethod 94401 0x0000011890e2b590 code [0x0000011890e2b920, 0x0000011890e2cdc8]
Event: 4201.519 Thread 0x00000118bd2afff0 94402       3       com.android.tools.r8.internal.s6::a (435 bytes)
Event: 4201.527 Thread 0x00000118bd2afff0 nmethod 94402 0x0000011891e45910 code [0x0000011891e45e40, 0x0000011891e48f38]

GC Heap History (20 events):
Event: 4150.576 GC heap before
{Heap before GC invocations=106 (full 1):
 garbage-first heap   total 2793472K, used 1579232K [0x0000000600000000, 0x0000000800000000)
  region size 4096K, 34 young (139264K), 5 survivors (20480K)
 Metaspace       used 385643K, committed 390848K, reserved 1392640K
  class space    used 48155K, committed 50240K, reserved 1048576K
}
Event: 4150.635 GC heap after
{Heap after GC invocations=107 (full 1):
 garbage-first heap   total 3928064K, used 1200851K [0x0000000600000000, 0x0000000800000000)
  region size 4096K, 3 young (12288K), 3 survivors (12288K)
 Metaspace       used 385643K, committed 390848K, reserved 1392640K
  class space    used 48155K, committed 50240K, reserved 1048576K
}
Event: 4151.333 GC heap before
{Heap before GC invocations=107 (full 1):
 garbage-first heap   total 3928064K, used 1381075K [0x0000000600000000, 0x0000000800000000)
  region size 4096K, 47 young (192512K), 3 survivors (12288K)
 Metaspace       used 385650K, committed 390848K, reserved 1392640K
  class space    used 48156K, committed 50240K, reserved 1048576K
}
Event: 4151.415 GC heap after
{Heap after GC invocations=108 (full 1):
 garbage-first heap   total 3928064K, used 896607K [0x0000000600000000, 0x0000000800000000)
  region size 4096K, 4 young (16384K), 4 survivors (16384K)
 Metaspace       used 385650K, committed 390848K, reserved 1392640K
  class space    used 48156K, committed 50240K, reserved 1048576K
}
Event: 4163.272 GC heap before
{Heap before GC invocations=108 (full 1):
 garbage-first heap   total 3928064K, used 1986143K [0x0000000600000000, 0x0000000800000000)
  region size 4096K, 267 young (1093632K), 4 survivors (16384K)
 Metaspace       used 386510K, committed 390848K, reserved 1392640K
  class space    used 48184K, committed 50240K, reserved 1048576K
}
Event: 4163.613 GC heap after
{Heap after GC invocations=109 (full 1):
 garbage-first heap   total 3928064K, used 1140960K [0x0000000600000000, 0x0000000800000000)
  region size 4096K, 34 young (139264K), 34 survivors (139264K)
 Metaspace       used 386510K, committed 390848K, reserved 1392640K
  class space    used 48184K, committed 50240K, reserved 1048576K
}
Event: 4168.710 GC heap before
{Heap before GC invocations=109 (full 1):
 garbage-first heap   total 3928064K, used 1652960K [0x0000000600000000, 0x0000000800000000)
  region size 4096K, 160 young (655360K), 34 survivors (139264K)
 Metaspace       used 386973K, committed 390912K, reserved 1392640K
  class space    used 48196K, committed 50240K, reserved 1048576K
}
Event: 4168.909 GC heap after
{Heap after GC invocations=110 (full 1):
 garbage-first heap   total 3928064K, used 1243057K [0x0000000600000000, 0x0000000800000000)
  region size 4096K, 20 young (81920K), 20 survivors (81920K)
 Metaspace       used 386973K, committed 390912K, reserved 1392640K
  class space    used 48196K, committed 50240K, reserved 1048576K
}
Event: 4173.009 GC heap before
{Heap before GC invocations=110 (full 1):
 garbage-first heap   total 3928064K, used 1922993K [0x0000000600000000, 0x0000000800000000)
  region size 4096K, 187 young (765952K), 20 survivors (81920K)
 Metaspace       used 387292K, committed 391168K, reserved 1392640K
  class space    used 48200K, committed 50240K, reserved 1048576K
}
Event: 4173.207 GC heap after
{Heap after GC invocations=111 (full 1):
 garbage-first heap   total 3928064K, used 1368288K [0x0000000600000000, 0x0000000800000000)
  region size 4096K, 24 young (98304K), 24 survivors (98304K)
 Metaspace       used 387292K, committed 391168K, reserved 1392640K
  class space    used 48200K, committed 50240K, reserved 1048576K
}
Event: 4175.749 GC heap before
{Heap before GC invocations=111 (full 1):
 garbage-first heap   total 3928064K, used 1933536K [0x0000000600000000, 0x0000000800000000)
  region size 4096K, 163 young (667648K), 24 survivors (98304K)
 Metaspace       used 387336K, committed 391232K, reserved 1392640K
  class space    used 48200K, committed 50240K, reserved 1048576K
}
Event: 4175.890 GC heap after
{Heap after GC invocations=112 (full 1):
 garbage-first heap   total 3928064K, used 1431776K [0x0000000600000000, 0x0000000800000000)
  region size 4096K, 15 young (61440K), 15 survivors (61440K)
 Metaspace       used 387336K, committed 391232K, reserved 1392640K
  class space    used 48200K, committed 50240K, reserved 1048576K
}
Event: 4180.359 GC heap before
{Heap before GC invocations=112 (full 1):
 garbage-first heap   total 3928064K, used 2279648K [0x0000000600000000, 0x0000000800000000)
  region size 4096K, 223 young (913408K), 15 survivors (61440K)
 Metaspace       used 387406K, committed 391296K, reserved 1392640K
  class space    used 48203K, committed 50240K, reserved 1048576K
}
Event: 4180.453 GC heap after
{Heap after GC invocations=113 (full 1):
 garbage-first heap   total 3928064K, used 1451909K [0x0000000600000000, 0x0000000800000000)
  region size 4096K, 20 young (81920K), 20 survivors (81920K)
 Metaspace       used 387406K, committed 391296K, reserved 1392640K
  class space    used 48203K, committed 50240K, reserved 1048576K
}
Event: 4186.562 GC heap before
{Heap before GC invocations=113 (full 1):
 garbage-first heap   total 3928064K, used 2406277K [0x0000000600000000, 0x0000000800000000)
  region size 4096K, 254 young (1040384K), 20 survivors (81920K)
 Metaspace       used 387568K, committed 391424K, reserved 1392640K
  class space    used 48213K, committed 50240K, reserved 1048576K
}
Event: 4186.689 GC heap after
{Heap after GC invocations=114 (full 1):
 garbage-first heap   total 3928064K, used 1495133K [0x0000000600000000, 0x0000000800000000)
  region size 4096K, 17 young (69632K), 17 survivors (69632K)
 Metaspace       used 387568K, committed 391424K, reserved 1392640K
  class space    used 48213K, committed 50240K, reserved 1048576K
}
Event: 4190.266 GC heap before
{Heap before GC invocations=114 (full 1):
 garbage-first heap   total 3928064K, used 2658397K [0x0000000600000000, 0x0000000800000000)
  region size 4096K, 301 young (1232896K), 17 survivors (69632K)
 Metaspace       used 387696K, committed 391552K, reserved 1392640K
  class space    used 48214K, committed 50240K, reserved 1048576K
}
Event: 4190.386 GC heap after
{Heap after GC invocations=115 (full 1):
 garbage-first heap   total 3928064K, used 1548140K [0x0000000600000000, 0x0000000800000000)
  region size 4096K, 30 young (122880K), 30 survivors (122880K)
 Metaspace       used 387696K, committed 391552K, reserved 1392640K
  class space    used 48214K, committed 50240K, reserved 1048576K
}
Event: 4200.276 GC heap before
{Heap before GC invocations=115 (full 1):
 garbage-first heap   total 3928064K, used 2457452K [0x0000000600000000, 0x0000000800000000)
  region size 4096K, 252 young (1032192K), 30 survivors (122880K)
 Metaspace       used 387963K, committed 391808K, reserved 1392640K
  class space    used 48233K, committed 50240K, reserved 1048576K
}
Event: 4200.413 GC heap after
{Heap after GC invocations=116 (full 1):
 garbage-first heap   total 3928064K, used 1590373K [0x0000000600000000, 0x0000000800000000)
  region size 4096K, 26 young (106496K), 26 survivors (106496K)
 Metaspace       used 387963K, committed 391808K, reserved 1392640K
  class space    used 48233K, committed 50240K, reserved 1048576K
}

Deoptimization events (20 events):
Event: 4201.039 Thread 0x00000118da4fbab0 Uncommon trap: trap_request=0xffffffde fr.pc=0x000001189b0e47c0 relative=0x0000000000000180
Event: 4201.039 Thread 0x00000118da4fbab0 Uncommon trap: reason=class_check action=maybe_recompile pc=0x000001189b0e47c0 method=com.android.tools.r8.internal.j13.a(Lcom/android/tools/r8/graph/ic;Lcom/android/tools/r8/internal/sm;)Lcom/android/tools/r8/internal/ad0; @ 41 c2
Event: 4201.039 Thread 0x00000118da4fbab0 DEOPT PACKING pc=0x000001189b0e47c0 sp=0x0000001231afe9f0
Event: 4201.039 Thread 0x00000118da4fbab0 DEOPT UNPACKING pc=0x00000118877823a3 sp=0x0000001231afe980 mode 2
Event: 4201.042 Thread 0x00000118da4f9430 Uncommon trap: trap_request=0xffffffde fr.pc=0x000001189b0e47c0 relative=0x0000000000000180
Event: 4201.042 Thread 0x00000118da4f9430 Uncommon trap: reason=class_check action=maybe_recompile pc=0x000001189b0e47c0 method=com.android.tools.r8.internal.j13.a(Lcom/android/tools/r8/graph/ic;Lcom/android/tools/r8/internal/sm;)Lcom/android/tools/r8/internal/ad0; @ 41 c2
Event: 4201.042 Thread 0x00000118da4f9430 DEOPT PACKING pc=0x000001189b0e47c0 sp=0x00000012317fe7a0
Event: 4201.042 Thread 0x00000118da4f9430 DEOPT UNPACKING pc=0x00000118877823a3 sp=0x00000012317fe730 mode 2
Event: 4201.142 Thread 0x00000118e5b19840 DEOPT PACKING pc=0x000001188cca8e2e sp=0x00000012310fd2b0
Event: 4201.142 Thread 0x00000118e5b19840 DEOPT UNPACKING pc=0x0000011887782b43 sp=0x00000012310fc770 mode 0
Event: 4201.193 Thread 0x00000118da4fa2a0 DEOPT PACKING pc=0x000001188e0c5e4a sp=0x0000001231cfed30
Event: 4201.193 Thread 0x00000118da4fa2a0 DEOPT UNPACKING pc=0x0000011887782b43 sp=0x0000001231cfe3d8 mode 0
Event: 4201.465 Thread 0x00000118da4f9900 Uncommon trap: trap_request=0xffffff45 fr.pc=0x000001189b0d7b84 relative=0x0000000000000b04
Event: 4201.465 Thread 0x00000118da4f9430 Uncommon trap: trap_request=0xffffff45 fr.pc=0x000001189b0d7b84 relative=0x0000000000000b04
Event: 4201.465 Thread 0x00000118da4f9900 Uncommon trap: reason=unstable_if action=reinterpret pc=0x000001189b0d7b84 method=com.android.tools.r8.internal.s6.a(Lcom/android/tools/r8/internal/q6;Lcom/android/tools/r8/graph/f6;Lcom/android/tools/r8/graph/ic;)Lcom/android/tools/r8/androidapi/f; @ 10 
Event: 4201.465 Thread 0x00000118da4f9430 Uncommon trap: reason=unstable_if action=reinterpret pc=0x000001189b0d7b84 method=com.android.tools.r8.internal.s6.a(Lcom/android/tools/r8/internal/q6;Lcom/android/tools/r8/graph/f6;Lcom/android/tools/r8/graph/ic;)Lcom/android/tools/r8/androidapi/f; @ 10 
Event: 4201.465 Thread 0x00000118da4f9430 DEOPT PACKING pc=0x000001189b0d7b84 sp=0x00000012317fed60
Event: 4201.465 Thread 0x00000118da4f9430 DEOPT UNPACKING pc=0x00000118877823a3 sp=0x00000012317fed18 mode 2
Event: 4201.465 Thread 0x00000118da4f9900 DEOPT PACKING pc=0x000001189b0d7b84 sp=0x00000012318ff040
Event: 4201.465 Thread 0x00000118da4f9900 DEOPT UNPACKING pc=0x00000118877823a3 sp=0x00000012318feff8 mode 2

Classes unloaded (20 events):
Event: 4140.624 Thread 0x00000118bd283230 Unloading class 0x0000000802511c00 'java/lang/invoke/LambdaForm$MH+0x0000000802511c00'
Event: 4140.624 Thread 0x00000118bd283230 Unloading class 0x0000000802510800 'java/lang/invoke/LambdaForm$MH+0x0000000802510800'
Event: 4140.624 Thread 0x00000118bd283230 Unloading class 0x0000000802510400 'java/lang/invoke/LambdaForm$MH+0x0000000802510400'
Event: 4140.624 Thread 0x00000118bd283230 Unloading class 0x0000000802504c00 'java/lang/invoke/LambdaForm$MH+0x0000000802504c00'
Event: 4140.624 Thread 0x00000118bd283230 Unloading class 0x0000000802504400 'java/lang/invoke/LambdaForm$MH+0x0000000802504400'
Event: 4140.624 Thread 0x00000118bd283230 Unloading class 0x000000080234c000 'java/lang/invoke/LambdaForm$MH+0x000000080234c000'
Event: 4140.624 Thread 0x00000118bd283230 Unloading class 0x000000080237c800 'java/lang/invoke/LambdaForm$MH+0x000000080237c800'
Event: 4140.624 Thread 0x00000118bd283230 Unloading class 0x0000000802387c00 'java/lang/invoke/LambdaForm$MH+0x0000000802387c00'
Event: 4140.624 Thread 0x00000118bd283230 Unloading class 0x000000080239f400 'java/lang/invoke/LambdaForm$MH+0x000000080239f400'
Event: 4140.624 Thread 0x00000118bd283230 Unloading class 0x00000008023b1c00 'java/lang/invoke/LambdaForm$MH+0x00000008023b1c00'
Event: 4140.624 Thread 0x00000118bd283230 Unloading class 0x00000008023d4400 'java/lang/invoke/LambdaForm$MH+0x00000008023d4400'
Event: 4140.624 Thread 0x00000118bd283230 Unloading class 0x000000080241e800 'java/lang/invoke/LambdaForm$MH+0x000000080241e800'
Event: 4140.624 Thread 0x00000118bd283230 Unloading class 0x000000080241e400 'java/lang/invoke/LambdaForm$MH+0x000000080241e400'
Event: 4140.624 Thread 0x00000118bd283230 Unloading class 0x000000080241e000 'java/lang/invoke/LambdaForm$MH+0x000000080241e000'
Event: 4140.624 Thread 0x00000118bd283230 Unloading class 0x000000080241c000 'java/lang/invoke/LambdaForm$MH+0x000000080241c000'
Event: 4140.624 Thread 0x00000118bd283230 Unloading class 0x000000080241bc00 'java/lang/invoke/LambdaForm$MH+0x000000080241bc00'
Event: 4140.624 Thread 0x00000118bd283230 Unloading class 0x000000080241b400 'java/lang/invoke/LambdaForm$MH+0x000000080241b400'
Event: 4140.624 Thread 0x00000118bd283230 Unloading class 0x000000080241ac00 'java/lang/invoke/LambdaForm$MH+0x000000080241ac00'
Event: 4140.624 Thread 0x00000118bd283230 Unloading class 0x0000000802417400 'java/lang/invoke/LambdaForm$MH+0x0000000802417400'
Event: 4140.624 Thread 0x00000118bd283230 Unloading class 0x0000000802415400 'java/lang/invoke/LambdaForm$MH+0x0000000802415400'

Classes redefined (0 events):
No events

Internal exceptions (20 events):
Event: 4174.870 Thread 0x00000118da4fac40 Exception <a 'sun/nio/fs/WindowsException'{0x00000006dd966700}> (0x00000006dd966700) 
thrown [t:\workspace\open\src\hotspot\share\prims\jni.cpp, line 516]
Event: 4175.371 Thread 0x00000118c0472550 Implicit null exception at 0x000001189b080080 to 0x000001189b0842b8
Event: 4178.354 Thread 0x00000118da4fac40 Exception <a 'sun/nio/fs/WindowsException'{0x00000006eaf7e920}> (0x00000006eaf7e920) 
thrown [t:\workspace\open\src\hotspot\share\prims\jni.cpp, line 516]
Event: 4178.354 Thread 0x00000118da4fac40 Exception <a 'sun/nio/fs/WindowsException'{0x00000006eaf7f410}> (0x00000006eaf7f410) 
thrown [t:\workspace\open\src\hotspot\share\prims\jni.cpp, line 516]
Event: 4178.354 Thread 0x00000118da4fac40 Exception <a 'sun/nio/fs/WindowsException'{0x00000006eaf7f6e8}> (0x00000006eaf7f6e8) 
thrown [t:\workspace\open\src\hotspot\share\prims\jni.cpp, line 516]
Event: 4178.354 Thread 0x00000118da4fac40 Exception <a 'sun/nio/fs/WindowsException'{0x00000006eaf809f0}> (0x00000006eaf809f0) 
thrown [t:\workspace\open\src\hotspot\share\prims\jni.cpp, line 516]
Event: 4178.354 Thread 0x00000118da4fac40 Exception <a 'sun/nio/fs/WindowsException'{0x00000006eaf80cb0}> (0x00000006eaf80cb0) 
thrown [t:\workspace\open\src\hotspot\share\prims\jni.cpp, line 516]
Event: 4178.355 Thread 0x00000118da4fac40 Exception <a 'sun/nio/fs/WindowsException'{0x00000006eaf81fa0}> (0x00000006eaf81fa0) 
thrown [t:\workspace\open\src\hotspot\share\prims\jni.cpp, line 516]
Event: 4178.355 Thread 0x00000118da4fac40 Exception <a 'sun/nio/fs/WindowsException'{0x00000006eaf82248}> (0x00000006eaf82248) 
thrown [t:\workspace\open\src\hotspot\share\prims\jni.cpp, line 516]
Event: 4178.355 Thread 0x00000118da4fac40 Exception <a 'sun/nio/fs/WindowsException'{0x00000006eaf83530}> (0x00000006eaf83530) 
thrown [t:\workspace\open\src\hotspot\share\prims\jni.cpp, line 516]
Event: 4178.377 Thread 0x00000118da4fac40 Exception <a 'sun/nio/fs/WindowsException'{0x00000006e17097c0}> (0x00000006e17097c0) 
thrown [t:\workspace\open\src\hotspot\share\prims\jni.cpp, line 516]
Event: 4179.747 Thread 0x00000118cecad590 Implicit null exception at 0x000001189b10b5fc to 0x000001189b10c8c0
Event: 4181.943 Thread 0x00000118e6dfd390 Implicit null exception at 0x000001189b1b1541 to 0x000001189b1b8c88
Event: 4186.291 Thread 0x00000118c3affd80 Implicit null exception at 0x000001189b19bf55 to 0x000001189b1a36e8
Event: 4190.604 Thread 0x00000118da4fa2a0 Implicit null exception at 0x000001189b35ff37 to 0x000001189b360f3c
Event: 4199.077 Thread 0x00000118c3affd80 Exception <a 'sun/nio/fs/WindowsException'{0x00000006c0f672e8}> (0x00000006c0f672e8) 
thrown [t:\workspace\open\src\hotspot\share\prims\jni.cpp, line 516]
Event: 4200.169 Thread 0x00000118c3affd80 Exception <a 'sun/nio/fs/WindowsException'{0x00000006bcefeba0}> (0x00000006bcefeba0) 
thrown [t:\workspace\open\src\hotspot\share\prims\jni.cpp, line 516]
Event: 4200.208 Thread 0x00000118c3affd80 Exception <a 'sun/nio/fs/WindowsException'{0x00000006b8820510}> (0x00000006b8820510) 
thrown [t:\workspace\open\src\hotspot\share\prims\jni.cpp, line 516]
Event: 4201.331 Thread 0x00000118c3affd80 Exception <a 'sun/nio/fs/WindowsException'{0x00000006e94186c0}> (0x00000006e94186c0) 
thrown [t:\workspace\open\src\hotspot\share\prims\jni.cpp, line 516]
Event: 4201.335 Thread 0x00000118c3affd80 Exception <a 'sun/nio/fs/WindowsException'{0x00000006e942f4e8}> (0x00000006e942f4e8) 
thrown [t:\workspace\open\src\hotspot\share\prims\jni.cpp, line 516]

VM Operations (20 events):
Event: 4196.276 Executing VM operation: HandshakeAllThreads
Event: 4196.280 Executing VM operation: HandshakeAllThreads done
Event: 4197.280 Executing VM operation: Cleanup
Event: 4197.312 Executing VM operation: Cleanup done
Event: 4197.656 Executing VM operation: HandshakeAllThreads
Event: 4197.731 Executing VM operation: HandshakeAllThreads done
Event: 4198.693 Executing VM operation: ICBufferFull
Event: 4198.711 Executing VM operation: ICBufferFull done
Event: 4198.716 Executing VM operation: HandshakeAllThreads
Event: 4198.722 Executing VM operation: HandshakeAllThreads done
Event: 4199.723 Executing VM operation: Cleanup
Event: 4199.740 Executing VM operation: Cleanup done
Event: 4199.777 Executing VM operation: HandshakeAllThreads
Event: 4199.786 Executing VM operation: HandshakeAllThreads done
Event: 4200.265 Executing VM operation: G1CollectForAllocation
Event: 4200.420 Executing VM operation: G1CollectForAllocation done
Event: 4201.030 Executing VM operation: ICBufferFull
Event: 4201.055 Executing VM operation: ICBufferFull done
Event: 4201.255 Executing VM operation: ICBufferFull
Event: 4201.288 Executing VM operation: ICBufferFull done

Events (20 events):
Event: 4200.102 Thread 0x00000118bd2b2510 flushing nmethod 0x0000011890db9290
Event: 4200.103 Thread 0x00000118bd2b2510 flushing nmethod 0x0000011890e2ca90
Event: 4200.105 Thread 0x00000118bd2b2510 flushing nmethod 0x0000011890f92e90
Event: 4200.106 Thread 0x00000118bd2b2510 flushing nmethod 0x00000118910e7510
Event: 4200.106 Thread 0x00000118bd2b2510 flushing nmethod 0x000001189110b690
Event: 4200.106 Thread 0x00000118bd2b2510 flushing nmethod 0x0000011891140c90
Event: 4200.108 Thread 0x00000118bd2b2510 flushing nmethod 0x0000011891292190
Event: 4200.108 Thread 0x00000118bd2b2510 flushing nmethod 0x0000011891327a90
Event: 4200.109 Thread 0x00000118bd2b2510 flushing nmethod 0x0000011891369590
Event: 4200.111 Thread 0x00000118bd2b2510 flushing nmethod 0x0000011891582b90
Event: 4200.111 Thread 0x00000118bd2b2510 flushing nmethod 0x0000011891601e10
Event: 4200.111 Thread 0x00000118bd2b2510 flushing nmethod 0x0000011891608810
Event: 4200.117 Thread 0x00000118bd2b2510 flushing nmethod 0x0000011891980e10
Event: 4200.126 Thread 0x00000118bd2b2510 flushing nmethod 0x0000011891ea8d90
Event: 4200.126 Thread 0x00000118bd2b2510 flushing nmethod 0x0000011891eb0e90
Event: 4200.127 Thread 0x00000118bd2b2510 flushing nmethod 0x0000011891f53490
Event: 4200.600 Thread 0x00000118cd709080 Thread added: 0x00000118cd709080
Event: 4200.617 Thread 0x00000118cd709080 Thread exited: 0x00000118cd709080
Event: 4201.021 Thread 0x00000118cd709080 Thread added: 0x00000118cd709080
Event: 4201.046 Thread 0x00000118cd709080 Thread exited: 0x00000118cd709080


Dynamic libraries:
0x00007ff79f300000 - 0x00007ff79f310000 	C:\Program Files\Java\jdk-17\bin\java.exe
0x00007ff939160000 - 0x00007ff9393c6000 	C:\WINDOWS\SYSTEM32\ntdll.dll
0x00007ff938260000 - 0x00007ff938329000 	C:\WINDOWS\System32\KERNEL32.DLL
0x00007ff9367e0000 - 0x00007ff936bdf000 	C:\WINDOWS\System32\KERNELBASE.dll
0x00007ff9363a0000 - 0x00007ff9364ec000 	C:\WINDOWS\System32\ucrtbase.dll
0x00007ff9242a0000 - 0x00007ff9242b8000 	C:\Program Files\Java\jdk-17\bin\jli.dll
0x00007ff923e80000 - 0x00007ff923e9a000 	C:\Program Files\Java\jdk-17\bin\VCRUNTIME140.dll
0x00007ff9375d0000 - 0x00007ff93768c000 	C:\WINDOWS\System32\ADVAPI32.dll
0x00007ff937380000 - 0x00007ff937429000 	C:\WINDOWS\System32\msvcrt.dll
0x00007ff938350000 - 0x00007ff9383fa000 	C:\WINDOWS\System32\sechost.dll
0x00007ff937810000 - 0x00007ff937928000 	C:\WINDOWS\System32\RPCRT4.dll
0x00007ff938ec0000 - 0x00007ff939086000 	C:\WINDOWS\System32\USER32.dll
0x00007ff936370000 - 0x00007ff936397000 	C:\WINDOWS\System32\win32u.dll
0x00007ff918170000 - 0x00007ff918401000 	C:\WINDOWS\WinSxS\amd64_microsoft.windows.common-controls_6595b64144ccf1df_6.0.26100.8972_none_3e0da176e32f9d4b\COMCTL32.dll
0x00007ff938400000 - 0x00007ff93842b000 	C:\WINDOWS\System32\GDI32.dll
0x00007ff936cb0000 - 0x00007ff936dd9000 	C:\WINDOWS\System32\gdi32full.dll
0x00007ff936de0000 - 0x00007ff936e83000 	C:\WINDOWS\System32\msvcp_win.dll
0x00007ff9223f0000 - 0x00007ff9223fb000 	C:\WINDOWS\SYSTEM32\VERSION.dll
0x00007ff9381a0000 - 0x00007ff9381d2000 	C:\WINDOWS\System32\IMM32.DLL
0x00007ff922700000 - 0x00007ff92270c000 	C:\Program Files\Java\jdk-17\bin\vcruntime140_1.dll
0x00007ff8bd100000 - 0x00007ff8bd18d000 	C:\Program Files\Java\jdk-17\bin\msvcp140.dll
0x00007ff829550000 - 0x00007ff82a10e000 	C:\Program Files\Java\jdk-17\bin\server\jvm.dll
0x00007ff937020000 - 0x00007ff937028000 	C:\WINDOWS\System32\PSAPI.DLL
0x00007ff923090000 - 0x00007ff92309a000 	C:\WINDOWS\SYSTEM32\WSOCK32.dll
0x00007ff939090000 - 0x00007ff939112000 	C:\WINDOWS\System32\WS2_32.dll
0x00007ff932a10000 - 0x00007ff932a46000 	C:\WINDOWS\SYSTEM32\WINMM.dll
0x00007ff935060000 - 0x00007ff93507b000 	C:\WINDOWS\SYSTEM32\kernel.appcore.dll
0x00007ff9226f0000 - 0x00007ff9226fa000 	C:\Program Files\Java\jdk-17\bin\jimage.dll
0x00007ff933880000 - 0x00007ff933ac2000 	C:\WINDOWS\SYSTEM32\DBGHELP.DLL
0x00007ff938b30000 - 0x00007ff938eb5000 	C:\WINDOWS\System32\combase.dll
0x00007ff9380c0000 - 0x00007ff938199000 	C:\WINDOWS\System32\OLEAUT32.dll
0x00007ff90fa40000 - 0x00007ff90fa7b000 	C:\WINDOWS\SYSTEM32\dbgcore.DLL
0x00007ff936bf0000 - 0x00007ff936c9c000 	C:\WINDOWS\System32\bcryptPrimitives.dll
0x00007ff91a040000 - 0x00007ff91a04e000 	C:\Program Files\Java\jdk-17\bin\instrument.dll
0x00007ff90a670000 - 0x00007ff90a695000 	C:\Program Files\Java\jdk-17\bin\java.dll
0x00007ff8b3dd0000 - 0x00007ff8b3ea6000 	C:\Program Files\Java\jdk-17\bin\svml.dll
0x00007ff937930000 - 0x00007ff9380b8000 	C:\WINDOWS\System32\SHELL32.dll
0x00007ff933e40000 - 0x00007ff9346db000 	C:\WINDOWS\SYSTEM32\windows.storage.dll
0x00007ff9388c0000 - 0x00007ff9389b9000 	C:\WINDOWS\System32\SHCORE.dll
0x00007ff937750000 - 0x00007ff9377b6000 	C:\WINDOWS\System32\shlwapi.dll
0x00007ff936290000 - 0x00007ff9362b9000 	C:\WINDOWS\SYSTEM32\profapi.dll
0x00007ff91f880000 - 0x00007ff91f898000 	C:\Program Files\Java\jdk-17\bin\zip.dll
0x00007ff922290000 - 0x00007ff9222a9000 	C:\Program Files\Java\jdk-17\bin\net.dll
0x00007ff925720000 - 0x00007ff925848000 	C:\WINDOWS\SYSTEM32\WINHTTP.dll
0x00007ff935610000 - 0x00007ff93567c000 	C:\WINDOWS\system32\mswsock.dll
0x00007ff91f960000 - 0x00007ff91f975000 	C:\Program Files\Java\jdk-17\bin\nio.dll
0x00007ff9226e0000 - 0x00007ff9226f0000 	C:\Program Files\Java\jdk-17\bin\verify.dll
0x00007ff8c49b0000 - 0x00007ff8c49d7000 	C:\Users\Agrilift\.gradle\native\660c5614fbf4a5f2a75b1949f50a0caf5cd603558e7d8a26e50b933a0cfb79d1\windows-amd64\native-platform.dll
0x00007ff8ab9d0000 - 0x00007ff8aba47000 	C:\Users\Agrilift\.gradle\native\0.2.8\x86_64-windows-gnu\gradle-fileevents.dll
0x00007ff91f7d0000 - 0x00007ff91f7d9000 	C:\Program Files\Java\jdk-17\bin\management.dll
0x00007ff91a880000 - 0x00007ff91a88b000 	C:\Program Files\Java\jdk-17\bin\management_ext.dll
0x00007ff934a80000 - 0x00007ff934ab3000 	C:\WINDOWS\SYSTEM32\IPHLPAPI.DLL
0x00007ff938330000 - 0x00007ff93833a000 	C:\WINDOWS\System32\NSI.dll
0x00007ff92d940000 - 0x00007ff92d95d000 	C:\WINDOWS\SYSTEM32\dhcpcsvc6.DLL
0x00007ff92d8f0000 - 0x00007ff92d915000 	C:\WINDOWS\SYSTEM32\dhcpcsvc.DLL
0x00007ff934b20000 - 0x00007ff934c78000 	C:\WINDOWS\SYSTEM32\DNSAPI.dll
0x00007ff9353f0000 - 0x00007ff9353fd000 	C:\WINDOWS\SYSTEM32\DSPARSE.dll
0x00007ff935920000 - 0x00007ff93593b000 	C:\WINDOWS\SYSTEM32\CRYPTSP.dll
0x00007ff934fc0000 - 0x00007ff934ff9000 	C:\WINDOWS\system32\rsaenh.dll
0x00007ff9356c0000 - 0x00007ff9356f2000 	C:\WINDOWS\SYSTEM32\USERENV.dll
0x00007ff936260000 - 0x00007ff93628a000 	C:\WINDOWS\SYSTEM32\bcrypt.dll
0x00007ff935900000 - 0x00007ff93590c000 	C:\WINDOWS\SYSTEM32\CRYPTBASE.dll
0x00007ff919a40000 - 0x00007ff919a4e000 	C:\Program Files\Java\jdk-17\bin\sunmscapi.dll
0x00007ff936590000 - 0x00007ff93670e000 	C:\WINDOWS\System32\CRYPT32.dll
0x00007ff935b40000 - 0x00007ff935b70000 	C:\WINDOWS\SYSTEM32\ncrypt.dll
0x00007ff935af0000 - 0x00007ff935b2f000 	C:\WINDOWS\SYSTEM32\NTASN1.dll
0x00007ff919e60000 - 0x00007ff919e68000 	C:\WINDOWS\system32\wshunix.dll
0x00007ff918770000 - 0x00007ff918777000 	C:\Program Files\Java\jdk-17\bin\rmi.dll
0x00007ff935190000 - 0x00007ff9351c6000 	C:\WINDOWS\SYSTEM32\ntmarta.dll
0x00007ff925270000 - 0x00007ff92527b000 	C:\Windows\System32\rasadhlp.dll
0x00007ff92dbb0000 - 0x00007ff92dc36000 	C:\WINDOWS\System32\fwpuclnt.dll
0x00007ff8aa2b0000 - 0x00007ff8aa43f000 	C:\Program Files\Java\jdk-17\bin\awt.dll
0x00007ff932910000 - 0x00007ff9329af000 	C:\WINDOWS\SYSTEM32\apphelp.dll
0x00007ff932fb0000 - 0x00007ff933058000 	C:\WINDOWS\system32\uxtheme.dll
0x00007ff937030000 - 0x00007ff93718d000 	C:\WINDOWS\System32\MSCTF.dll
0x00007ff937430000 - 0x00007ff9375c9000 	C:\WINDOWS\System32\ole32.dll

dbghelp: loaded successfully - version: 4.0.5 - missing functions: none
symbol engine: initialized successfully - sym options: 0x614 - pdb path: .;C:\Program Files\Java\jdk-17\bin;C:\WINDOWS\SYSTEM32;C:\WINDOWS\WinSxS\amd64_microsoft.windows.common-controls_6595b64144ccf1df_6.0.26100.8972_none_3e0da176e32f9d4b;C:\Program Files\Java\jdk-17\bin\server;C:\Users\Agrilift\.gradle\native\660c5614fbf4a5f2a75b1949f50a0caf5cd603558e7d8a26e50b933a0cfb79d1\windows-amd64;C:\Users\Agrilift\.gradle\native\0.2.8\x86_64-windows-gnu

VM Arguments:
jvm_args: --add-opens=java.base/java.lang=ALL-UNNAMED --add-opens=java.base/java.lang.invoke=ALL-UNNAMED --add-opens=java.base/java.util=ALL-UNNAMED --add-opens=java.prefs/java.util.prefs=ALL-UNNAMED --add-exports=jdk.compiler/com.sun.tools.javac.api=ALL-UNNAMED --add-exports=jdk.compiler/com.sun.tools.javac.util=ALL-UNNAMED --add-opens=java.base/java.util=ALL-UNNAMED --add-opens=java.prefs/java.util.prefs=ALL-UNNAMED --add-opens=java.base/java.nio.charset=ALL-UNNAMED --add-opens=java.base/java.net=ALL-UNNAMED --add-opens=java.base/java.util.concurrent=ALL-UNNAMED --add-opens=java.base/java.util.concurrent.atomic=ALL-UNNAMED --add-opens=java.xml/javax.xml.namespace=ALL-UNNAMED --add-opens=java.base/java.time=ALL-UNNAMED -XX:MaxMetaspaceSize=4G -XX:ReservedCodeCacheSize=512m -XX:+HeapDumpOnOutOfMemoryError -Xmx8G -Dfile.encoding=windows-1252 -Duser.country=GB -Duser.language=en -Duser.variant -javaagent:C:\Users\Agrilift\.gradle\wrapper\dists\gradle-9.3.1-all\9ot9r568e8zfvvd4mn8rbu1j0\gradle-9.3.1\lib\agents\gradle-instrumentation-agent-9.3.1.jar 
java_command: org.gradle.launcher.daemon.bootstrap.GradleDaemon 9.3.1
java_class_path (initial): C:\Users\Agrilift\.gradle\wrapper\dists\gradle-9.3.1-all\9ot9r568e8zfvvd4mn8rbu1j0\gradle-9.3.1\lib\gradle-daemon-main-9.3.1.jar
Launcher Type: SUN_STANDARD

[Global flags]
     intx CICompilerCount                          = 4                                         {product} {ergonomic}
     uint ConcGCThreads                            = 3                                         {product} {ergonomic}
     uint G1ConcRefinementThreads                  = 10                                        {product} {ergonomic}
   size_t G1HeapRegionSize                         = 4194304                                   {product} {ergonomic}
    uintx GCDrainStackTargetSize                   = 64                                        {product} {ergonomic}
     bool HeapDumpOnOutOfMemoryError               = true                                   {manageable} {command line}
   size_t InitialHeapSize                          = 666894336                                 {product} {ergonomic}
   size_t MarkStackSize                            = 4194304                                   {product} {ergonomic}
   size_t MaxHeapSize                              = 8589934592                                {product} {command line}
   size_t MaxMetaspaceSize                         = 4294967296                                {product} {command line}
   size_t MaxNewSize                               = 5150605312                                {product} {ergonomic}
   size_t MinHeapDeltaBytes                        = 4194304                                   {product} {ergonomic}
   size_t MinHeapSize                              = 8388608                                   {product} {ergonomic}
    uintx NonNMethodCodeHeapSize                   = 5839372                                {pd product} {ergonomic}
    uintx NonProfiledCodeHeapSize                  = 265515770                              {pd product} {ergonomic}
    uintx ProfiledCodeHeapSize                     = 265515770                              {pd product} {ergonomic}
    uintx ReservedCodeCacheSize                    = 536870912                              {pd product} {command line}
     bool SegmentedCodeCache                       = true                                      {product} {ergonomic}
   size_t SoftMaxHeapSize                          = 8589934592                             {manageable} {ergonomic}
   double SweeperThreshold                         = 0.234375                                  {product} {ergonomic}
     bool UseCompressedClassPointers               = true                           {product lp64_product} {ergonomic}
     bool UseCompressedOops                        = true                           {product lp64_product} {ergonomic}
     bool UseG1GC                                  = true                                      {product} {ergonomic}
     bool UseLargePagesIndividualAllocation        = false                                  {pd product} {ergonomic}

Logging:
Log output configuration:
 #0: stdout all=warning uptime,level,tags
 #1: stderr all=off uptime,level,tags

Environment Variables:
JAVA_HOME=C:\Program Files\Java\jdk-17
CLASSPATH=D:\help_desk\personal\Evolix Technologies\mobile\career_pilot_flutter\android\\gradle\wrapper\gradle-wrapper.jar
PATH=C:\Program Files\Git\bin;C:\Program Files\Git\cmd;C:\Python313\Scripts\;C:\Python313\;C:\WINDOWS\system32;C:\WINDOWS;C:\WINDOWS\System32\Wbem;C:\WINDOWS\System32\WindowsPowerShell\v1.0\;C:\WINDOWS\System32\OpenSSH\;C:\Users\Agrilift\AppData\Local\Pub\Cache\bin;C:\Users\Agrilift\AppData\Local\Android\Sdk\emulator;C:\Users\Agrilift\AppData\Local\Android\Sdk\platform-tools;C:\Program Files\nodejs\;C:\ProgramData\chocolatey\bin;C:\Program Files\Microsoft SQL Server\150\Tools\Binn\;C:\Program Files\Microsoft SQL Server\Client SDK\ODBC\170\Tools\Binn\;C:\Program Files\dotnet\;C:\Program Files\Java\jdk-17\bin;D:\agriLift\sdk\flutter_3.47.0\bin;C:\xampp\php;C:\ProgramData\ComposerSetup\bin;C:\Users\Agrilift\AppData\Local\Microsoft\WindowsApps;C:\Users\Agrilift\AppData\Local\GitHubDesktop\bin;C:\Users\Agrilift\AppData\Local\Programs\Microsoft VS Code\bin;C:\Users\Agrilift\AppData\Local\Microsoft\WinGet\Links;C:\Users\Agrilift\AppData\Roaming\npm;C:\Users\Agrilift\.dotnet\tools;C:\tools\dart-sdk\bin;C:\Users\Agrilift\AppData\Local\Pub\Cache\bin;C:\Users\Agrilift\AppData\Local\Kingsoft\WPS Office\12.1.0.27458\clitool;C:\Users\Agrilift\AppData\Roaming\Composer\vendor\bin
USERNAME=Agrilift
OS=Windows_NT
PROCESSOR_IDENTIFIER=Intel64 Family 6 Model 186 Stepping 3, GenuineIntel



---------------  S Y S T E M  ---------------

OS:
 Windows 10 , 64 bit Build 26100 (10.0.26100.9168)
OS uptime: 9 days 11:02 hours

CPU: total 12 (initial active 12) (6 cores per cpu, 2 threads per core) family 6 model 186 stepping 3 microcode 0x4121, cx8, cmov, fxsr, ht, mmx, 3dnowpref, sse, sse2, sse3, ssse3, sse4.1, sse4.2, popcnt, lzcnt, tsc, tscinvbit, avx, avx2, aes, erms, clmul, bmi1, bmi2, adx, sha, fma, vzeroupper, clflush, clflushopt, clwb

Memory: 4k page, system-wide physical 40641M (915M free)
TotalPageFile size 77113M (AvailPageFile size 4M)
current process WorkingSet (physical memory assigned to process): 4806M, peak: 4811M
current process commit charge ("private bytes"): 4998M, peak: 5002M

vm_info: Java HotSpot(TM) 64-Bit Server VM (17+35-LTS-2724) for windows-amd64 JRE (17+35-LTS-2724), built on Aug  5 2021 23:28:28 by "mach5one" with MS VC++ 16.8 (VS2019)

END.
